ID,Start,End,Speaker,Text
3471,"02:02:53","02:02:54",Catarina,"That kind of sucks."
3472,"02:02:55","02:02:56",Catarina,"So,"
3473,"02:02:56","02:02:57",Catarina,"I'm going to..."
3474,"02:03:00","02:03:00",Catarina,"Oh,"
3475,"02:03:00","02:03:00",Catarina,"yeah,"
3476,"02:03:00","02:03:02",Catarina,"I was going to do that and now I forgot."
3477,"02:03:02","02:03:02",Catarina,"Okay,"
3478,"02:03:02","02:03:03",Catarina,"that's fine."
3479,"02:03:05","02:03:09",Catarina,"My Ragnito is going to be coming out from its state."
3480,"02:03:10","02:03:16",Catarina,"It's going to throw a ballistic bullet Okay."
3481,"02:03:16","02:03:17",Speaker 1,"Cumber didn't make..."
3482,"02:03:17","02:03:18",Speaker 1,"Well,"
3483,"02:03:18","02:03:19",Speaker 1,"they're fine."
3484,"02:03:19","02:03:21",Delmar,"How many else did Cumber miss?"
3485,"02:03:22","02:03:24",Catarina,"It's going to make that at..."
3486,"02:03:30","02:03:32",Catarina,"It's going to do that to this thing targeting me."
3487,"02:03:32","02:03:32",Catarina,"Okay."
3488,"02:03:34","02:03:34",Speaker 1,"Yeah."
3489,"02:03:37","02:03:37",Catarina,"Okay."
3490,"02:03:37","02:03:40",Catarina,"It does a 16 hit."
3491,"02:03:40","02:03:40",Speaker 6,"16 hits?"
3492,"02:03:41","02:03:41",Speaker 6,"Okay."
3493,"02:03:44","02:03:44",Catarina,"I saw him."
3494,"02:03:44","02:03:45",Catarina,"Basically,"
3495,"02:03:46","02:03:47",DM,"just have the cucumbers."
3496,"02:03:48","02:03:49",Catarina,"Damage here for you."
3497,"02:03:49","02:03:49",Catarina,"Yeah,"
3498,"02:03:49","02:03:51",DM,"those are amazing clips."
3499,"02:03:52","02:03:52",Speaker 1,"There we go."
3500,"02:03:52","02:03:53",DM,"I've always found that cucumbers,"
3501,"02:03:54","02:03:55",DM,"when they're sliced,"
3502,"02:03:55","02:03:56",DM,"they really will last longer."
3503,"02:03:57","02:03:59",DM,"They need to be chopped up and put in the food."
3504,"02:04:00","02:04:00",Catarina,"Ohhhh."
3505,"02:04:02","02:04:02",Speaker 1,"Yeah."
3506,"02:04:02","02:04:06",Catarina,"So that'll be 9 points of force damage."
3507,"02:04:07","02:04:07",Catarina,"Okay."
3508,"02:04:08","02:04:10",Catarina,"And it's pushed 5 feet away."
3509,"02:04:11","02:04:12",DM,"All right."
3510,"02:04:13","02:04:14",DM,"Five feet of force?"
3511,"02:04:15","02:04:15",DM,"Yeah."
3512,"02:04:17","02:04:17",DM,"Oh,"
3513,"02:04:17","02:04:18",Catarina,"no,"
3514,"02:04:18","02:04:18",Catarina,"no,"
3515,"02:04:18","02:04:18",Catarina,"sorry."
3516,"02:04:18","02:04:18",Catarina,"Yeah,"
3517,"02:04:18","02:04:20",Catarina,"so..."
3518,"02:04:20","02:04:22",Catarina,"Push five feet away from the turret?"
3519,"02:04:23","02:04:23",Catarina,"Yeah,"
3520,"02:04:23","02:04:24",Catarina,"from my turret."
3521,"02:04:25","02:04:25",Catarina,"Five feet more away."
3522,"02:04:26","02:04:28",DM,"That's five feet closer to you."
3523,"02:04:30","02:04:30",Speaker 1,"Yeah."
3524,"02:04:30","02:04:31",Speaker 1,"Okay."
3525,"02:04:33","02:04:35",DM,"Doesn't even threaten you,"
3526,"02:04:35","02:04:35",DM,"so yeah."
3527,"02:04:35","02:04:36",DM,"Yeah,"
3528,"02:04:36","02:04:36",DM,"you're..."
3529,"02:04:37","02:04:37",DM,"The turn,"
3530,"02:04:38","02:04:38",DM,"yeah,"
3531,"02:04:38","02:04:43",DM,"turns and shoots and it just brings the slot very uncomfortably close to you."
3532,"02:04:43","02:04:44",DM,"Oh,"
3533,"02:04:44","02:04:44",DM,"thank you."
3534,"02:04:46","02:04:46",Catarina,"Oh,"
3535,"02:04:46","02:04:47",Catarina,"thank you very much."
3536,"02:04:48","02:04:49",Catarina,"You can have veggies."
3537,"02:04:50","02:04:51",DM,"Um,"
3538,"02:04:51","02:04:51",DM,"okay."
3539,"02:04:51","02:04:52",Catarina,"Um,"
3540,"02:04:52","02:04:55",Catarina,"my bird is going to be immediately after me."
3541,"02:04:55","02:04:56",Speaker 1,"Yep."
3542,"02:04:57","02:05:00",Catarina,"He's going to try and shocking grass this creature."
3543,"02:05:00","02:05:00",Speaker 1,"Yep."
3544,"02:05:05","02:05:07",Catarina,"A 24 hit?"
3545,"02:05:08","02:05:08",DM,"24 definitely hits."
3546,"02:05:09","02:05:09",Speaker 1,"Oh."
3547,"02:05:12","02:05:14",Catarina,"That will be it."
3548,"02:05:14","02:05:17",DM,"I just like that instead of elaborating further,"
3549,"02:05:17","02:05:18",DM,"you're just like,"
3550,"02:05:18","02:05:18",DM,"how..."
3551,"02:05:19","02:05:20",Crissdalynn,"At home,"
3552,"02:05:20","02:05:22",Crissdalynn,"if I'll look up something and just do this."
3553,"02:05:26","02:05:32",Catarina,"That would be 10 points of lightning damage."
3554,"02:05:33","02:05:37",Catarina,"And it cannot make opportunity attacks until the start of its next turn."
3555,"02:05:38","02:05:39",DM,"How do you want to tase the slog?"
3556,"02:05:42","02:05:49",Catarina,"I guess at that point I probably have got my hands tied between dancing around this thing."
3557,"02:05:50","02:05:54",Catarina,"And my owl is living on one HP after being attacked,"
3558,"02:05:54","02:06:01",Catarina,"and it's going to be trying to go in and just going in for the claws and going for the eyes to shock it."
3559,"02:06:02","02:06:03",DM,"That revenge lung."
3560,"02:06:03","02:06:04",DM,"And even,"
3561,"02:06:04","02:06:06",DM,"just for your reference,"
3562,"02:06:06","02:06:10",DM,"these sloth are resistant to lightning damage."
3563,"02:06:10","02:06:12",DM,"So you managed to kill it."
3564,"02:06:12","02:06:13",DM,"Even though it is resisting,"
3565,"02:06:13","02:06:16",DM,"you put a lot of volts into this thing."
3566,"02:06:17","02:06:20",DM,"And it held it like a gas until it started cooking."
3567,"02:06:20","02:06:21",DM,"My little tricks."
3568,"02:06:22","02:06:23",DM,"That one you killed."
3569,"02:06:23","02:06:24",Catarina,"I'm an HP and a dream."
3570,"02:06:25","02:06:27",DM,"That sloth is dead."
3571,"02:06:31","02:06:32",DM,"The Third is,"
3572,"02:06:33","02:06:34",DM,"that's..."
3573,"02:06:34","02:06:34",DM,"This is neat."
3574,"02:06:36","02:06:37",Speaker 1,"Did you know what it is?"
3575,"02:06:38","02:06:39",Crissdalynn,"He did not like carrots."
3576,"02:06:40","02:06:41",DM,"He'll eat,"
3577,"02:06:41","02:06:41",DM,"like,"
3578,"02:06:41","02:06:42",DM,"cooked carrots sometimes."
3579,"02:06:44","02:06:44",DM,"But,"
3580,"02:06:44","02:06:44",DM,"yeah,"
3581,"02:06:44","02:06:45",DM,"he doesn't really like vegetables."
3582,"02:06:46","02:06:47",DM,"He eats just vegetables."
3583,"02:06:48","02:06:48",DM,"That's all I got."
3584,"02:06:48","02:06:48",DM,"In here,"
3585,"02:06:48","02:06:50",DM,"there is a..."
3586,"02:06:51","02:06:54",DM,"The banging in the distance is getting louder."
3587,"02:06:55","02:06:55",DM,"There's this rhythm."
3588,"02:06:57","02:06:59",DM,"It's beginning to get louder,"
3589,"02:06:59","02:07:01",DM,"coming from all around Calveno."
3590,"02:07:03","02:07:05",DM,"I'm not quite sure what it is."
3591,"02:07:07","02:07:08",DM,"The O-tar is kind of..."
3592,"02:07:10","02:07:11",DM,"Let's see here just a second."
3593,"02:07:14","02:07:17",DM,"I wonder if this goes straight to number four."
3594,"02:07:17","02:07:18",DM,"Where did you go?"
3595,"02:07:18","02:07:18",DM,"Oh,"
3596,"02:07:18","02:07:19",DM,"he got smushed."
3597,"02:07:19","02:07:20",Speaker 1,"Smushed by Rock."
3598,"02:07:20","02:07:20",DM,"Yeah,"
3599,"02:07:20","02:07:21",DM,"he got smushed."
3600,"02:07:21","02:07:22",DM,"Crissdalynn,"
3601,"02:07:22","02:07:22",DM,"you're up."
3602,"02:07:23","02:07:23",Crissdalynn,"Sweet."
3603,"02:07:26","02:07:27",Crissdalynn,"Let me get back to not Faisal."
3604,"02:07:28","02:07:28",Crissdalynn,"One second."
3605,"02:07:33","02:07:34",Crissdalynn,"I'm going to do my..."
3606,"02:07:36","02:07:38",Crissdalynn,"I'm 15 feet away still."
3607,"02:07:38","02:07:38",Crissdalynn,"Yep."
3608,"02:07:39","02:07:40",Crissdalynn,"15 feet up from him."
3609,"02:07:40","02:07:42",Crissdalynn,"And I'm going to attack twice,"
3610,"02:07:42","02:07:43",Crissdalynn,"open-handed."
3611,"02:07:43","02:07:44",Crissdalynn,"Okay."
3612,"02:07:46","02:07:47",Speaker 1,"19."
3613,"02:07:48","02:07:48",Crissdalynn,"Yep."
3614,"02:07:48","02:07:49",Crissdalynn,"Does a 19 hit?"
3615,"02:07:49","02:07:49",Crissdalynn,"Okay,"
3616,"02:07:49","02:07:52",Crissdalynn,"the other one hits him because I was a higher base."
3617,"02:07:53","02:07:54",Crissdalynn,"Okay."
3618,"02:07:56","02:07:57",Crissdalynn,"Any resistances?"
3619,"02:07:57","02:07:58",DM,"Yeah."
3620,"02:07:58","02:07:58",DM,"Well,"
3621,"02:07:58","02:08:00",DM,"he has been hit a couple things."
3622,"02:08:00","02:08:01",DM,"Fludging?"
3623,"02:08:01","02:08:01",DM,"Nope."
3624,"02:08:04","02:08:05",Crissdalynn,"The first two attacks."
3625,"02:08:05","02:08:06",Crissdalynn,"That's a one."
3626,"02:08:06","02:08:06",Crissdalynn,"Reroll."
3627,"02:08:07","02:08:08",Crissdalynn,"Pull off."
3628,"02:08:08","02:08:08",Crissdalynn,"Reroll."
3629,"02:08:08","02:08:08",Crissdalynn,"There we go."
3630,"02:08:10","02:08:10",Crissdalynn,"10,"
3631,"02:08:10","02:08:10",Crissdalynn,"15,"
3632,"02:08:11","02:08:11",Crissdalynn,"16,"
3633,"02:08:11","02:08:11",Crissdalynn,"17,"
3634,"02:08:12","02:08:17",Crissdalynn,"27 damage for the first two hits."
3635,"02:08:17","02:08:17",Crissdalynn,"Okay."
3636,"02:08:18","02:08:20",Crissdalynn,"I'm going to use a Flurry of Blows."
3637,"02:08:20","02:08:21",Crissdalynn,"27?"
3638,"02:08:21","02:08:21",Crissdalynn,"27."
3639,"02:08:22","02:08:22",Crissdalynn,"Okay."
3640,"02:08:22","02:08:24",Crissdalynn,"For the first two total."
3641,"02:08:25","02:08:26",Crissdalynn,"Flurry of Blows."
3642,"02:08:26","02:08:27",Crissdalynn,"Rinse,"
3643,"02:08:27","02:08:27",Crissdalynn,"repeat it."
3644,"02:08:27","02:08:28",Crissdalynn,"Two more times."
3645,"02:08:30","02:08:31",Crissdalynn,"Same numbers."
3646,"02:08:32","02:08:32",Crissdalynn,"27?"
3647,"02:08:32","02:08:33",Crissdalynn,"No,"
3648,"02:08:33","02:08:33",Crissdalynn,"no,"
3649,"02:08:33","02:08:33",Crissdalynn,"no."
3650,"02:08:33","02:08:34",Crissdalynn,"For the two hits,"
3651,"02:08:34","02:08:34",Crissdalynn,"same numbers."
3652,"02:08:35","02:08:36",Crissdalynn,"So I rolled a 10 and a 15,"
3653,"02:08:36","02:08:38",Crissdalynn,"and I rolled another 10 and a 15."
3654,"02:08:38","02:08:38",Crissdalynn,"Oh,"
3655,"02:08:38","02:08:38",Crissdalynn,"wow."
3656,"02:08:38","02:08:38",Crissdalynn,"Okay."
3657,"02:08:39","02:08:39",Crissdalynn,"Let's go."
3658,"02:08:40","02:08:40",Crissdalynn,"I'll take it."
3659,"02:08:43","02:08:43",Crissdalynn,"6,"
3660,"02:08:43","02:08:43",Crissdalynn,"7,"
3661,"02:08:43","02:08:44",Crissdalynn,"8,"
3662,"02:08:44","02:08:44",Crissdalynn,"9,"
3663,"02:08:44","02:08:45",Crissdalynn,"10,"
3664,"02:08:45","02:08:45",Crissdalynn,"11,"
3665,"02:08:45","02:08:45",Crissdalynn,"12,"
3666,"02:08:45","02:08:45",Crissdalynn,"15,"
3667,"02:08:46","02:08:46",Crissdalynn,"14,"
3668,"02:08:46","02:08:46",Crissdalynn,"15,"
3669,"02:08:46","02:08:46",Crissdalynn,"16,"
3670,"02:08:46","02:08:47",Crissdalynn,"26,"
3671,"02:08:47","02:08:49",Crissdalynn,"27,"
3672,"02:08:49","02:08:53",Crissdalynn,"28 damage for the second two hits."
3673,"02:08:54","02:08:55",Speaker 1,"20."
3674,"02:08:56","02:08:56",Speaker 1,"Rough."
3675,"02:08:57","02:08:57",Speaker 1,"Oh,"
3676,"02:08:57","02:08:57",Speaker 1,"good."
3677,"02:08:58","02:08:59",DM,"Yeah,"
3678,"02:08:59","02:09:02",DM,"he's starting to look and you're doing this at a rate,"
3679,"02:09:02","02:09:02",DM,"aren't you?"
3680,"02:09:03","02:09:03",Crissdalynn,"15 feet."
3681,"02:09:03","02:09:04",Crissdalynn,"I'm using the tendrils."
3682,"02:09:06","02:09:07",Speaker 1,"Okay."
3683,"02:09:08","02:09:08",Crissdalynn,"Oh,"
3684,"02:09:08","02:09:09",Crissdalynn,"and I can push."
3685,"02:09:09","02:09:10",Crissdalynn,"Oh,"
3686,"02:09:10","02:09:10",Crissdalynn,"if I want to grapple,"
3687,"02:09:11","02:09:11",Crissdalynn,"I can shove him,"
3688,"02:09:11","02:09:16",Crissdalynn,"but Hold on,"
3689,"02:09:16","02:09:16",Crissdalynn,"let me think about that."
3690,"02:09:19","02:09:21",Crissdalynn,"I'm seeing what my options are here."
3691,"02:09:22","02:09:23",Crissdalynn,"Once per turn,"
3692,"02:09:23","02:09:24",Crissdalynn,"you hit a creature that doesn't strike,"
3693,"02:09:24","02:09:25",Crissdalynn,"I'm going to push him 5 feet away."
3694,"02:09:30","02:09:30",Speaker 1,"Oh,"
3695,"02:09:30","02:09:31",Speaker 1,"he is..."
3696,"02:09:33","02:09:34",DM,"What's the rule on pushing large creatures?"
3697,"02:09:36","02:09:39",DM,"It usually says under the description of whatever it is."
3698,"02:09:40","02:09:40",DM,"Generally,"
3699,"02:09:40","02:09:43",DM,"it's huge or smaller can be pushed with most things."
3700,"02:09:44","02:09:47",Crissdalynn,"When you have a creature with an unarmed character's priority attack action on your turn,"
3701,"02:09:47","02:09:50",Crissdalynn,"you can deal damage to the target and also push it five feet away from you."
3702,"02:09:50","02:09:52",Crissdalynn,"You can use this benefit once per turn."
3703,"02:09:52","02:09:53",Delmar,"But he's prone."
3704,"02:09:53","02:09:54",Delmar,"He's not prone."
3705,"02:09:54","02:09:56",Crissdalynn,"He resisted That's right."
3706,"02:09:57","02:09:57",Crissdalynn,"He uses legendary."
3707,"02:09:58","02:09:58",Crissdalynn,"That's right."
3708,"02:09:58","02:09:58",Delmar,"Sorry."
3709,"02:09:59","02:09:59",Delmar,"Okay."
3710,"02:09:59","02:10:00",Delmar,"Thank you."
3711,"02:10:00","02:10:01",Crissdalynn,"He's probably still going to legendary resistance."
3712,"02:10:03","02:10:03",DM,"He does."
3713,"02:10:04","02:10:04",DM,"He does,"
3714,"02:10:04","02:10:05",DM,"but for this."
3715,"02:10:05","02:10:06",DM,"It's a stat block."
3716,"02:10:06","02:10:07",DM,"It is a stat block,"
3717,"02:10:07","02:10:09",DM,"but he thinks it's going to be too powerful,"
3718,"02:10:09","02:10:10",Speaker 1,"so."
3719,"02:10:10","02:10:11",DM,"Bill Bell,"
3720,"02:10:11","02:10:12",DM,"when he was supposed to be a boss,"
3721,"02:10:12","02:10:12",DM,"was where he does."
3722,"02:10:16","02:10:16",DM,"Okay."
3723,"02:10:17","02:10:17",DM,"Bonus action?"
3724,"02:10:19","02:10:20",DM,"Our bonus action was the story of Lost."
3725,"02:10:21","02:10:21",DM,"Oh,"
3726,"02:10:21","02:10:21",DM,"okay."
3727,"02:10:21","02:10:21",DM,"Yep."
3728,"02:10:21","02:10:22",DM,"All right."
3729,"02:10:23","02:10:24",DM,"Otar's turn."
3730,"02:10:24","02:10:24",DM,"Oh,"
3731,"02:10:24","02:10:24",DM,"boy."
3732,"02:10:26","02:10:27",DM,"He is,"
3733,"02:10:27","02:10:28",DM,"yeah,"
3734,"02:10:28","02:10:30",DM,"you can kind of see his skin like,"
3735,"02:10:30","02:10:32",DM,"underneath him and kind of like,"
3736,"02:10:32","02:10:35",DM,"it looks almost like Oh,"
3737,"02:10:36","02:10:38",Crissdalynn,"and remember I've got a 19 because I'm still holding his gap."
3738,"02:10:38","02:10:39",Crissdalynn,"Okay."
3739,"02:10:41","02:10:42",DM,"So,"
3740,"02:10:42","02:10:44",DM,"he regenerates a bit of health here,"
3741,"02:10:45","02:10:47",DM,"healing himself up a little."
3742,"02:10:49","02:10:50",DM,"Cherokee's not supposed to do that."
3743,"02:10:50","02:10:51",Speaker 1,"That's cheating."
3744,"02:10:51","02:10:53",DM,"It was only that last round,"
3745,"02:10:53","02:10:53",DM,"now it's clear."
3746,"02:10:54","02:10:55",DM,"Okay."
3747,"02:10:55","02:10:56",DM,"And yeah,"
3748,"02:10:56","02:10:58",DM,"he's he looks unstable,"
3749,"02:10:58","02:11:01",DM,"like his skin is barely holding his body together."
3750,"02:11:03","02:11:04",DM,"Let's see here."
3751,"02:11:05","02:11:05",DM,"Now."
3752,"02:11:06","02:11:08",DM,"He's like a Koli."
3753,"02:11:08","02:11:08",DM,"Oh,"
3754,"02:11:09","02:11:10",DM,"I've been forgetting to use that the whole time."
3755,"02:11:11","02:11:11",DM,"Okay."
3756,"02:11:14","02:11:18",Delmar,"Welcome to this campaign and my last campaign for me."
3757,"02:11:19","02:11:20",DM,"So,"
3758,"02:11:20","02:11:21",DM,"Tongue Lash,"
3759,"02:11:21","02:11:22",DM,"coming right up."
3760,"02:11:23","02:11:25",DM,"Not managed to get Crissdalynn with this once,"
3761,"02:11:26","02:11:27",DM,"so I'm not gonna bother with that."
3762,"02:11:27","02:11:27",DM,"Um."
3763,"02:11:30","02:11:31",DM,"Where?"
3764,"02:11:32","02:11:32",DM,"Oh,"
3765,"02:11:32","02:11:33",DM,"I know who."
3766,"02:11:34","02:11:34",Speaker 1,"Hi."
3767,"02:11:34","02:11:35",Speaker 1,"Actually."
3768,"02:11:36","02:11:36",Crissdalynn,"Pick me,"
3769,"02:11:36","02:11:37",Crissdalynn,"pick me!"
3770,"02:11:39","02:11:40",DM,"Kyzil's right there,"
3771,"02:11:40","02:11:41",DM,"and he's a pretty good threat."
3772,"02:11:41","02:11:41",DM,"But I pushed him away."
3773,"02:11:42","02:11:43",Crissdalynn,"He's facing this direction."
3774,"02:11:44","02:11:44",Crissdalynn,"He's gonna be like,"
3775,"02:11:44","02:11:45",Crissdalynn,"you see people in front of me?"
3776,"02:11:48","02:11:48",DM,"Let's see here."
3777,"02:11:49","02:11:49",DM,"Well,"
3778,"02:11:49","02:11:50",DM,"everyone's getting one."
3779,"02:11:51","02:11:52",Speaker 1,"Um."
3780,"02:11:53","02:11:53",DM,"So,"
3781,"02:11:53","02:11:54",DM,"first attack."
3782,"02:11:54","02:12:55",DM,"actually yeah there's five one two three four five sets the spider so one two three four and you're the only one so he's only oh okay oh okay yeah so I'll do it that's part of all my new abilities I'm trying to be a tank support come on kill me sure oh no I mean I have Uncanny Dodge well okay I'm going to fail we all suck at strength saves I thought it was like a ranged attack I'm going to fail I'm going to shitload of damage Just attack the bird."
3783,"02:12:56","02:12:58",DM,"He is going around from every direction."
3784,"02:12:59","02:12:59",Speaker 1,"And..."
3785,"02:13:00","02:13:02",DM,"I haven't made much of an arena."
3786,"02:13:02","02:13:02",DM,"One,"
3787,"02:13:03","02:13:03",DM,"two,"
3788,"02:13:03","02:13:04",DM,"three,"
3789,"02:13:04","02:13:06",DM,"and Kyzil is four."
3790,"02:13:06","02:13:07",DM,"What about..."
3791,"02:13:07","02:13:07",DM,"Sorry."
3792,"02:13:08","02:13:08",DM,"I'm all the way over here."
3793,"02:13:09","02:13:09",DM,"Yeah."
3794,"02:13:11","02:13:12",DM,"One,"
3795,"02:13:12","02:13:12",DM,"two,"
3796,"02:13:13","02:13:13",DM,"three,"
3797,"02:13:13","02:13:15",DM,"and Kyzil is four."
3798,"02:13:17","02:13:17",DM,"Three."
3799,"02:13:18","02:13:18",DM,"Kyzil is four."
3800,"02:13:21","02:13:22",Speaker 1,"Getting the tone lash."
3801,"02:13:26","02:13:59",DM,"that's probably enough 21 definitely hits her she has a shield she has a shield on her I think she's got a I don't know because this is not a character sheet I'm probably running it off of D&D Beyond Heaven somewhere let's see Catarina *makes weird noises* *makes weird noises* Excuse me."
3802,"02:14:00","02:14:02",DM,"I'm just not here today."
3803,"02:14:02","02:14:03",DM,"Uh,"
3804,"02:14:03","02:14:03",DM,"this is a..."
3805,"02:14:04","02:14:04",DM,"I don't know."
3806,"02:14:07","02:14:07",DM,"Yeah,"
3807,"02:14:07","02:14:08",DM,"she got really good."
3808,"02:14:08","02:14:09",DM,"Yeah,"
3809,"02:14:09","02:14:11",DM,"the alert feeds just don't..."
3810,"02:14:12","02:14:13",DM,"I had that on,"
3811,"02:14:13","02:14:13",DM,"um,"
3812,"02:14:13","02:14:15",DM,"RTLV."
3813,"02:14:15","02:14:15",Speaker 1,"Oh!"
3814,"02:14:17","02:14:18",DM,"You have a potion of healing."
3815,"02:14:18","02:14:19",DM,"A mage going first,"
3816,"02:14:19","02:14:20",DM,"or like,"
3817,"02:14:20","02:14:22",DM,"spellcaster going to hear us."
3818,"02:14:22","02:14:22",DM,"I didn't."
3819,"02:14:22","02:14:22",DM,"Fucking."
3820,"02:14:23","02:14:23",DM,"Yeah."
3821,"02:14:25","02:14:25",DM,"Yeah,"
3822,"02:14:25","02:14:27",DM,"that's great because I got it from..."
3823,"02:14:28","02:14:31",DM,"Part of me wants to run it on this or something,"
3824,"02:14:31","02:14:33",DM,"but I also love,"
3825,"02:14:33","02:14:38",DM,"I'm having more fun playing a more balanced character that's not too still is pretty powerful."
3826,"02:14:38","02:14:39",Delmar,"So,"
3827,"02:14:39","02:14:39",Delmar,"um,"
3828,"02:14:39","02:14:41",Delmar,"I owe you two apologies."
3829,"02:14:42","02:14:43",Delmar,"One,"
3830,"02:14:43","02:14:44",Delmar,"thank you for,"
3831,"02:14:44","02:14:45",Delmar,"well,"
3832,"02:14:45","02:14:45",Delmar,"Delmar."
3833,"02:14:47","02:14:49",Delmar,"But I also owe him an apology."
3834,"02:14:49","02:14:51",Delmar,"Thank you,"
3835,"02:14:51","02:14:52",Delmar,"and double or a small apology."
3836,"02:14:52","02:14:55",Delmar,"I didn't remember that I got one of these."
3837,"02:14:56","02:14:57",DM,"Oh,"
3838,"02:14:57","02:14:58",DM,"I'm a little..."
3839,"02:14:58","02:14:59",DM,"Wait,"
3840,"02:14:59","02:14:59",DM,"wait,"
3841,"02:14:59","02:15:00",DM,"wait."
3842,"02:15:00","02:15:00",DM,"Yeah,"
3843,"02:15:00","02:15:00",DM,"okay."
3844,"02:15:03","02:15:05",DM,"The tongue whip is coming."
3845,"02:15:07","02:15:08",DM,"So 21 hits."
3846,"02:15:09","02:15:13",DM,"You're going to be taking nine bludgeoning damage in addition."
3847,"02:15:14","02:15:17",DM,"Since you're weeping this iridescent,"
3848,"02:15:17","02:15:18",DM,"weeping fluid,"
3849,"02:15:19","02:15:22",DM,"you're taking an additional 13 acid damage."
3850,"02:15:23","02:15:23",DM,"Okay,"
3851,"02:15:23","02:15:25",DM,"so I took 9,"
3852,"02:15:26","02:15:26",DM,"please?"
3853,"02:15:26","02:15:27",DM,"Not 13."
3854,"02:15:27","02:15:32",DM,"It was 9 and 5 acid damage,"
3855,"02:15:32","02:15:33",DM,"so 14 total."
3856,"02:15:35","02:15:38",DM,"And I need you to make a decent 16 strength saving throw."
3857,"02:15:39","02:15:40",Speaker 1,"Not be grappled?"
3858,"02:15:40","02:15:40",Speaker 1,"Yeah."
3859,"02:15:41","02:15:41",Speaker 1,"Yeah,"
3860,"02:15:41","02:15:42",Speaker 1,"that's fair."
3861,"02:15:47","02:15:48",Speaker 1,"Yep,"
3862,"02:15:48","02:15:49",Speaker 1,"so..."
3863,"02:15:52","02:16:00",Catarina,"I'm going to use my inspiration okay what TC was it?"
3864,"02:16:00","02:16:03",DM,"16 I don't make it you are,"
3865,"02:16:03","02:16:10",DM,"yeah not paying attention and all of a sudden you just feel a large,"
3866,"02:16:10","02:16:21",DM,"about the size of a baseball bat plushy thing hit the side of your head and you are yanked towards him into the open mouth."
3867,"02:16:22","02:16:22",Speaker 1,"Yep."
3868,"02:16:24","02:16:26",DM,"And he's got you in his mouth."
3869,"02:16:28","02:16:29",Catarina,"I am gonna die."
3870,"02:16:29","02:16:30",Catarina,"Bye,"
3871,"02:16:30","02:16:30",Catarina,"guys."
3872,"02:16:30","02:16:31",Catarina,"How much HP do you have?"
3873,"02:16:31","02:16:32",Catarina,"I'm nearly dead."
3874,"02:16:34","02:16:35",DM,"Already dead."
3875,"02:16:36","02:16:37",DM,"Just a second."
3876,"02:16:44","02:16:47",DM,"I can make one bite attack and one lash attack."
3877,"02:16:48","02:16:51",DM,"Which makes no sense for him not to bite the thing in his mouth."
3878,"02:16:52","02:16:54",DM,"Does a 18 hit?"
3879,"02:16:55","02:16:56",Catarina,"I will react to the shield."
3880,"02:16:57","02:16:57",Speaker 1,"Okay."
3881,"02:16:59","02:17:00",DM,"So,"
3882,"02:17:00","02:17:00",DM,"yeah,"
3883,"02:17:00","02:17:01",DM,"what's that boost or something?"
3884,"02:17:02","02:17:02",DM,"Wind."
3885,"02:17:02","02:17:02",DM,"Yeah."
3886,"02:17:04","02:17:05",Speaker 1,"So,"
3887,"02:17:05","02:17:05",DM,"21."
3888,"02:17:07","02:17:08",DM,"Okay,"
3889,"02:17:08","02:17:08",DM,"yeah."
3890,"02:17:08","02:17:09",DM,"Yeah,"
3891,"02:17:09","02:17:10",DM,"you're good."
3892,"02:17:11","02:17:12",DM,"Yeah,"
3893,"02:17:12","02:17:12",DM,"I mean,"
3894,"02:17:12","02:17:13",DM,"yeah."
3895,"02:17:13","02:17:14",DM,"You did not want to..."
3896,"02:17:14","02:17:15",DM,"You are grappled."
3897,"02:17:16","02:17:16",DM,"So,"
3898,"02:17:16","02:17:17",DM,"your speed is zero."
3899,"02:17:17","02:17:18",DM,"You're in a giant frog house."
3900,"02:17:19","02:17:19",Speaker 1,"Yep."
3901,"02:17:21","02:17:22",DM,"And now he's going to make..."
3902,"02:17:24","02:17:25",DM,"He uses move beats."
3903,"02:17:25","02:17:25",DM,"Just on."
3904,"02:17:27","02:17:27",Speaker 1,"Yeah."
3905,"02:17:28","02:17:28",DM,"I'm safe."
3906,"02:17:29","02:17:29",DM,"Yeah,"
3907,"02:17:29","02:17:29",DM,"yeah."
3908,"02:17:30","02:17:31",DM,"Let's see here."
3909,"02:17:31","02:17:31",DM,"Very serious."
3910,"02:17:32","02:17:33",DM,"Good boy."
3911,"02:17:34","02:17:35",DM,"Did he come over here?"
3912,"02:17:39","02:17:39",DM,"Crissdalynn,"
3913,"02:17:39","02:17:40",DM,"how high up are you?"
3914,"02:17:40","02:17:41",Crissdalynn,"15 feet."
3915,"02:17:42","02:17:43",DM,"He can hit you there."
3916,"02:17:45","02:17:46",Crissdalynn,"Roll."
3917,"02:17:46","02:17:47",Crissdalynn,"I should say 15 feet above his head."
3918,"02:17:48","02:17:49",Speaker 1,"Okay."
3919,"02:17:51","02:17:52",DM,"It's more like 20,"
3920,"02:17:52","02:17:52",DM,"you know."
3921,"02:17:56","02:17:58",DM,"So it's got a 10-foot range."
3922,"02:18:00","02:18:01",DM,"You know,"
3923,"02:18:01","02:18:02",DM,"I'm going to let the dice decide this."
3924,"02:18:02","02:18:02",DM,"I don't want to hit,"
3925,"02:18:03","02:18:03",DM,"but it feels..."
3926,"02:18:03","02:18:04",DM,"I like the dice."
3927,"02:18:05","02:18:06",DM,"If it's 10 or higher,"
3928,"02:18:06","02:18:06",DM,"I hit."
3929,"02:18:06","02:18:08",DM,"All right."
3930,"02:18:11","02:18:11",DM,"So,"
3931,"02:18:12","02:18:13",DM,"I'll actually roll to hit with this."
3932,"02:18:14","02:18:14",DM,"Oh,"
3933,"02:18:14","02:18:15",DM,"yes,"
3934,"02:18:15","02:18:16",DM,"that's not bad."
3935,"02:18:16","02:18:16",DM,"27."
3936,"02:18:17","02:18:17",DM,"That hits."
3937,"02:18:20","02:18:23",DM,"That is 14 piercing damage."
3938,"02:18:23","02:18:24",DM,"I deflect."
3939,"02:18:25","02:18:26",DM,"And I,"
3940,"02:18:26","02:18:27",DM,"just a second,"
3941,"02:18:27","02:18:32",DM,"14 piercing and 9 acid damage."
3942,"02:18:32","02:18:34",DM,"Holy shitballs."
3943,"02:18:36","02:18:37",DM,"Dying."
3944,"02:18:37","02:18:37",DM,"I miss."
3945,"02:18:38","02:18:39",DM,"Are you down?"
3946,"02:18:39","02:18:40",Crissdalynn,"I'm not down down,"
3947,"02:18:40","02:18:42",Crissdalynn,"but I'm in his mouth right now."
3948,"02:18:42","02:18:42",Crissdalynn,"Oh,"
3949,"02:18:42","02:18:42",Speaker 1,"okay."
3950,"02:18:42","02:18:43",Crissdalynn,"I deflect for 19."
3951,"02:18:44","02:18:44",Crissdalynn,"19?"
3952,"02:18:45","02:18:45",DM,"Yeah."
3953,"02:18:46","02:18:47",DM,"You send it back to him?"
3954,"02:18:47","02:18:47",Speaker 1,"Yeah."
3955,"02:18:48","02:18:48",Crissdalynn,"Okay."
3956,"02:18:48","02:18:48",Crissdalynn,"Well,"
3957,"02:18:48","02:18:50",Crissdalynn,"it didn't work last time,"
3958,"02:18:51","02:18:52",Crissdalynn,"so I'm not going to waste a key,"
3959,"02:18:52","02:18:52",Crissdalynn,"please."
3960,"02:18:52","02:18:53",Crissdalynn,"I love doing that."
3961,"02:18:54","02:18:56",Crissdalynn,"I'm just going to slap him the other way."
3962,"02:18:56","02:18:56",Crissdalynn,"Okay."
3963,"02:18:57","02:18:58",Crissdalynn,"I rolled max damage,"
3964,"02:18:58","02:18:58",Crissdalynn,"as you can see."
3965,"02:18:59","02:18:59",Speaker 1,"So,"
3966,"02:19:00","02:19:00",DM,"yeah,"
3967,"02:19:00","02:19:01",DM,"he comes in with the claw,"
3968,"02:19:02","02:19:04",DM,"and you just pinch slap his hand out of the way."
3969,"02:19:04","02:19:04",DM,"Yeah."
3970,"02:19:05","02:19:05",DM,"Nice."
3971,"02:19:05","02:19:06",DM,"Like,"
3972,"02:19:06","02:19:06",DM,"we need chunk."
3973,"02:19:07","02:19:07",DM,"Like,"
3974,"02:19:07","02:19:08",DM,"yeah."
3975,"02:19:08","02:19:08",DM,"Wax on?"
3976,"02:19:09","02:19:09",DM,"Yeah."
3977,"02:19:09","02:19:09",DM,"Wax off."
3978,"02:19:10","02:19:11",Crissdalynn,"I feel like I taught her well."
3979,"02:19:12","02:19:13",DM,"Yes,"
3980,"02:19:13","02:19:13",DM,"I approve."
3981,"02:19:16","02:19:17",DM,"follow through with the second attack."
3982,"02:19:18","02:19:18",DM,"Delmar,"
3983,"02:19:18","02:19:18",DM,"how high up are you?"
3984,"02:19:18","02:19:19",DM,"What was the total damage?"
3985,"02:19:21","02:19:24",Crissdalynn,"And does the acid go off if he doesn't actually touch me?"
3986,"02:19:26","02:19:27",DM,"If I deflect it away?"
3987,"02:19:29","02:19:33",DM,"The total would have been it was 14 piercing,"
3988,"02:19:33","02:19:34",DM,"and then it was..."
3989,"02:19:35","02:19:37",Catarina,"Your guys' infusions do die."
3990,"02:19:37","02:19:38",DM,"Nine."
3991,"02:19:38","02:19:39",DM,"Nine acid."
3992,"02:19:39","02:19:40",DM,"But if you deflect it,"
3993,"02:19:40","02:19:41",DM,"you don't."
3994,"02:19:41","02:19:42",DM,"Okay,"
3995,"02:19:42","02:19:42",DM,"so then there we go."
3996,"02:19:43","02:19:43",DM,"Oh,"
3997,"02:19:43","02:19:43",Catarina,"right,"
3998,"02:19:44","02:19:44",Catarina,"it's 5."
3999,"02:19:44","02:19:44",Catarina,"Yeah,"
4000,"02:19:44","02:19:45",Catarina,"I guess it's 5."
4001,"02:19:45","02:19:45",Catarina,"Yeah,"
4002,"02:19:45","02:19:46",Catarina,"that's right."
4003,"02:19:47","02:19:48",Delmar,"How high up are you?"
4004,"02:19:48","02:19:49",Delmar,"I'm 25 feet above."
4005,"02:19:50","02:19:50",Delmar,"Yeah,"
4006,"02:19:50","02:19:50",Delmar,"okay,"
4007,"02:19:50","02:19:50",Delmar,"that's..."
4008,"02:19:53","02:19:54",Delmar,"Because the range of the gun,"
4009,"02:19:54","02:19:54",Delmar,"I believe,"
4010,"02:19:54","02:19:55",Delmar,"is like 60 feet,"
4011,"02:19:55","02:19:59",Delmar,"but I wanted to keep him within where I wasn't getting..."
4012,"02:19:59","02:20:02",Delmar,"Just so I could run up back so I wasn't at a disadvantage to shoot him."
4013,"02:20:03","02:20:04",DM,"I'm going to..."
4014,"02:20:04","02:20:06",DM,"He's going to try and jump for you."
4015,"02:20:06","02:20:07",DM,"I'm going to say 10 or higher."
4016,"02:20:07","02:20:09",DM,"He's able to jump to make it."
4017,"02:20:10","02:20:10",Speaker 1,"I'm 12."
4018,"02:20:12","02:20:13",Speaker 1,"He's going to take it."
4019,"02:20:14","02:20:15",DM,"18."
4020,"02:20:17","02:20:18",Speaker 1,"Close to our 19th."
4021,"02:20:19","02:20:20",Speaker 1,"To hit."
4022,"02:20:22","02:20:23",Delmar,"Oh yeah,"
4023,"02:20:23","02:20:23",Delmar,"no,"
4024,"02:20:23","02:20:24",Delmar,"my AC is 16."
4025,"02:20:24","02:20:24",Delmar,"Yeah,"
4026,"02:20:24","02:20:25",Delmar,"so."
4027,"02:20:27","02:20:28",Delmar,"That is good to be."
4028,"02:20:31","02:20:32",Delmar,"I'll use my reaction,"
4029,"02:20:32","02:20:32",Delmar,"I guess,"
4030,"02:20:32","02:20:33",Delmar,"to Uncanny Dodge."
4031,"02:20:34","02:20:34",DM,"Yeah,"
4032,"02:20:34","02:20:35",DM,"11 slashing damage,"
4033,"02:20:36","02:20:41",DM,"followed by 11 acid damage."
4034,"02:20:41","02:20:42",DM,"Uncanny Dodge will take 11."
4035,"02:20:43","02:20:43",DM,"So I'll just take 11."
4036,"02:20:44","02:20:44",DM,"Yeah."
4037,"02:20:44","02:20:44",DM,"Okay."
4038,"02:20:44","02:20:44",DM,"Okay."
4039,"02:20:45","02:20:45",DM,"Ooh,"
4040,"02:20:45","02:20:45",DM,"damn."
4041,"02:20:46","02:20:48",DM,"And 11 hurts a bit."
4042,"02:20:48","02:20:49",DM,"That was four?"
4043,"02:20:51","02:20:52",Speaker 1,"Yeah."
4044,"02:20:52","02:20:52",Speaker 1,"Okay."
4045,"02:20:55","02:20:55",Delmar,"Yeah."
4046,"02:20:56","02:20:58",Delmar,"Who's saying we don't need Enzo now?"
4047,"02:20:58","02:20:58",Delmar,"Okay."
4048,"02:20:59","02:20:59",Speaker 1,"Yeah,"
4049,"02:20:59","02:20:59",Speaker 1,"right."
4050,"02:21:00","02:21:00",Speaker 1,"Let's put your hits apart."
4051,"02:21:01","02:21:01",Speaker 1,"Hits."
4052,"02:21:02","02:21:03",DM,"Yeah,"
4053,"02:21:03","02:21:05",DM,"witnessing that has changed my strategy."
4054,"02:21:05","02:21:05",DM,"My turn."
4055,"02:21:06","02:21:08",DM,"I've used 10 of his movement."
4056,"02:21:09","02:21:09",DM,"Yeah."
4057,"02:21:10","02:21:10",DM,"Well."
4058,"02:21:11","02:21:11",DM,"Oh,"
4059,"02:21:15","02:21:15",DM,"the jumps."
4060,"02:21:15","02:21:16",DM,"Yeah,"
4061,"02:21:16","02:21:18",DM,"actually that was probably..."
4062,"02:21:18","02:21:18",Delmar,"Let's say jump,"
4063,"02:21:18","02:21:20",Delmar,"you gotta go at least 25 to hit."
4064,"02:21:22","02:21:23",Delmar,"Alright,"
4065,"02:21:23","02:21:24",Delmar,"that's it for Otar."
4066,"02:21:33","02:21:33",DM,"Perrin,"
4067,"02:21:33","02:21:34",DM,"you're up."
4068,"02:21:37","02:21:41",Perrin,"Which are all the figures that are down there,"
4069,"02:21:41","02:21:42",Perrin,"are they all dead?"
4070,"02:21:43","02:21:43",DM,"The ones that are knocked over,"
4071,"02:21:44","02:21:44",DM,"yeah."
4072,"02:21:44","02:21:44",DM,"Okay."
4073,"02:21:44","02:21:49",Perrin,"And this is difficult terrain?"
4074,"02:21:49","02:21:49",DM,"It is."
4075,"02:21:50","02:21:50",DM,"Okay."
4076,"02:21:51","02:21:51",DM,"So,"
4077,"02:21:52","02:21:53",Perrin,"I can't really make a lot of ground."
4078,"02:21:54","02:21:55",Perrin,"It's half movement speed if it's difficult?"
4079,"02:21:55","02:21:55",DM,"It is."
4080,"02:21:55","02:21:56",DM,"Okay."
4081,"02:21:58","02:21:58",DM,"So,"
4082,"02:21:59","02:22:01",Perrin,"I can really only go 15,"
4083,"02:22:01","02:22:02",Perrin,"5,"
4084,"02:22:02","02:22:02",Perrin,"10,"
4085,"02:22:02","02:22:03",Perrin,"15."
4086,"02:22:05","02:22:06",Perrin,"When I go,"
4087,"02:22:06","02:22:08",Perrin,"does it matter if I go more choices?"
4088,"02:22:08","02:22:09",DM,"This guy not."
4089,"02:22:12","02:22:12",DM,"Boy,"
4090,"02:22:12","02:22:13",DM,"he does have that miasma."
4091,"02:22:14","02:22:14",DM,"Yeah,"
4092,"02:22:14","02:22:15",DM,"you don't want to get within 10 feet."
4093,"02:22:16","02:22:16",Perrin,"Yeah,"
4094,"02:22:16","02:22:19",Perrin,"I will go there with my 15 feet of movement."
4095,"02:22:19","02:22:24",Perrin,"I will do mirror image as my action."
4096,"02:22:26","02:22:31",Perrin,"And I will do healing word on Katerina."
4097,"02:22:32","02:22:33",DM,"You're not getting that one?"
4098,"02:22:35","02:22:35",DM,"Really?"
4099,"02:22:36","02:22:37",Speaker 1,"Ooh,"
4100,"02:22:37","02:22:38",Speaker 1,"that's too far."
4101,"02:22:38","02:22:38",Speaker 1,"I'm fine about you,"
4102,"02:22:39","02:22:39",Speaker 1,"man."
4103,"02:22:42","02:22:43",Delmar,"Eight plus five is thirteen."
4104,"02:22:45","02:22:45",Speaker 1,"Alone?"
4105,"02:22:45","02:22:46",Delmar,"No,"
4106,"02:22:46","02:22:46",Delmar,"you're right."
4107,"02:22:46","02:22:47",Delmar,"Thirteen."
4108,"02:22:47","02:22:47",Delmar,"Eight plus five."
4109,"02:22:48","02:22:49",Delmar,"Take two away from the five."
4110,"02:22:49","02:22:50",Delmar,"You got three left."
4111,"02:22:50","02:22:51",Delmar,"I didn't index in my head."
4112,"02:22:51","02:22:53",Delmar,"I did six plus five for some reason."
4113,"02:22:53","02:22:54",Delmar,"Thank you very much."
4114,"02:22:55","02:22:55",DM,"Thirteen."
4115,"02:22:56","02:22:57",DM,"Thirteen."
4116,"02:22:57","02:22:57",DM,"Healing."
4117,"02:22:59","02:22:59",Speaker 1,"Yes,"
4118,"02:22:59","02:23:00",Speaker 1,"thank you."
4119,"02:23:00","02:23:01",Perrin,"And that is my turn."
4120,"02:23:02","02:23:02",Speaker 1,"All right."
4121,"02:23:07","02:23:07",DM,"All right."
4122,"02:23:08","02:23:10",DM,"Are you going to use a legendary action?"
4123,"02:23:15","02:23:16",DM,"Hungry,"
4124,"02:23:16","02:23:16",DM,"hungry."
4125,"02:23:16","02:23:16",DM,"Oh,"
4126,"02:23:16","02:23:19",Perrin,"I meant to also on my turn,"
4127,"02:23:19","02:23:20",Perrin,"if I can,"
4128,"02:23:21","02:23:21",Perrin,"as a free action,"
4129,"02:23:22","02:23:23",Perrin,"to speak into the Sending Stone."
4130,"02:23:24","02:23:31",Perrin,"And I would say send Enzo or send help."
4131,"02:23:32","02:23:32",Perrin,"I guess I have one."
4132,"02:23:33","02:23:35",DM,"You'll have to roll on it."
4133,"02:23:35","02:23:36",DM,"Send help,"
4134,"02:23:36","02:23:37",DM,"send Enzo."
4135,"02:23:38","02:23:39",DM,"center square,"
4136,"02:23:39","02:23:41",DM,"center market or whatever,"
4137,"02:23:41","02:23:41",DM,"right?"
4138,"02:23:42","02:23:44",DM,"We'll go towards the big explosion."
4139,"02:23:44","02:23:44",DM,"Yeah."
4140,"02:23:46","02:23:47",DM,"So roll persuasion."
4141,"02:23:48","02:23:50",DM,"It's a good persuasion."
4142,"02:23:50","02:23:51",DM,"This is just you trying to,"
4143,"02:23:51","02:23:51",DM,"like,"
4144,"02:23:52","02:23:53",DM,"she can tell it's a big deal."
4145,"02:23:53","02:23:58",DM,"We're hoping Enzo is close enough to be 19."
4146,"02:23:59","02:24:00",DM,"19's pretty good."
4147,"02:24:00","02:24:00",DM,"So,"
4148,"02:24:00","02:24:01",DM,"yeah,"
4149,"02:24:02","02:24:02",DM,"no response."
4150,"02:24:03","02:24:03",DM,"Yes,"
4151,"02:24:03","02:24:05",DM,"we heard something's going on."
4152,"02:24:05","02:24:05",DM,"Okay,"
4153,"02:24:06","02:24:07",DM,"we're sending Enzo."
4154,"02:24:07","02:24:08",DM,"It was the big,"
4155,"02:24:08","02:24:10",DM,"the big explosion,"
4156,"02:24:11","02:24:12",DM,"not the other two,"
4157,"02:24:12","02:24:12",DM,"yeah?"
4158,"02:24:12","02:24:13",DM,"The big boom."
4159,"02:24:13","02:24:14",DM,"That answered my question."
4160,"02:24:15","02:24:17",Delmar,"I was wondering if the other two had gone off."
4161,"02:24:17","02:24:18",Delmar,"I just hadn't had a chance to see it."
4162,"02:24:19","02:24:20",Speaker 1,"Yes."
4163,"02:24:21","02:24:21",DM,"Okay,"
4164,"02:24:22","02:24:22",DM,"we're sending,"
4165,"02:24:23","02:24:25",DM,"Rocky and Enzo are down at the other sites,"
4166,"02:24:25","02:24:26",DM,"but I'll send Enzo to help out."
4167,"02:24:26","02:24:27",DM,"Sorry,"
4168,"02:24:27","02:24:27",DM,"25 words or less."
4169,"02:24:28","02:24:29",DM,"She's got the unlimited point."
4170,"02:24:30","02:24:32",DM,"I wish I could do that."
4171,"02:24:33","02:24:35",Delmar,"The crystal slowly grows,"
4172,"02:24:35","02:24:36",Delmar,"and they just keep talking."
4173,"02:24:37","02:24:40",Delmar,"The other one just done and it sends and it reverts back to the regular size."
4174,"02:24:41","02:24:42",DM,"So yeah,"
4175,"02:24:42","02:24:43",DM,"that was successful."
4176,"02:24:44","02:24:45",DM,"Here at the moment,"
4177,"02:24:45","02:24:46",DM,"it will take him a round or two."
4178,"02:24:47","02:24:51",DM,"Just because he's not quite as quick as Kyzil and Kyzil could literally be anywhere."
4179,"02:24:51","02:24:54",DM,"Just fulfilling the Admiral's request there."
4180,"02:24:56","02:24:57",DM,"Okay."
4181,"02:24:57","02:24:58",DM,"Slod 5,"
4182,"02:24:58","02:24:59",DM,"I believe."
4183,"02:24:59","02:25:00",DM,"Yeah?"
4184,"02:25:01","02:25:01",DM,"Oh,"
4185,"02:25:01","02:25:03",DM,"this one was the one who was eating the gator."
4186,"02:25:05","02:25:05",DM,"So yeah,"
4187,"02:25:05","02:25:06",DM,"he's going to eat the gator."
4188,"02:25:09","02:25:09",DM,"Yeah,"
4189,"02:25:09","02:25:10",DM,"and he definitely eats the gator,"
4190,"02:25:10","02:25:15",DM,"so he's going to run up a little bit and pull on..."
4191,"02:25:17","02:25:19",DM,"The gator didn't get an attack of opportunity?"
4192,"02:25:20","02:25:21",Crissdalynn,"Yeah!"
4193,"02:25:23","02:25:23",Crissdalynn,"No,"
4194,"02:25:23","02:25:24",Crissdalynn,"it's when you lead the threat,"
4195,"02:25:24","02:25:24",Crissdalynn,"right?"
4196,"02:25:24","02:25:25",Crissdalynn,"Well,"
4197,"02:25:25","02:25:26",Crissdalynn,"he does lead it."
4198,"02:25:26","02:25:27",Crissdalynn,"It's an ambush predator."
4199,"02:25:27","02:25:27",DM,"Yeah,"
4200,"02:25:27","02:25:29",DM,"he's ready."
4201,"02:25:29","02:25:30",DM,"He's waiting to hold on."
4202,"02:25:31","02:25:34",DM,"The gator has a readied action for ambush."
4203,"02:25:34","02:25:36",Delmar,"He got him from behind his head."
4204,"02:25:36","02:25:38",Delmar,"He had no way of getting back there."
4205,"02:25:38","02:25:38",Delmar,"Yeah."
4206,"02:25:40","02:25:41",DM,"So that's logs done."
4207,"02:25:42","02:25:42",DM,"Don't plug."
4208,"02:25:43","02:25:43",DM,"Sweet."
4209,"02:25:44","02:25:45",DM,"Well,"
4210,"02:25:45","02:25:45",DM,"first off,"
4211,"02:25:45","02:25:46",DM,"I'm going to heal myself,"
4212,"02:25:46","02:25:49",DM,"because that seems pretty fucking prudent right now."
4213,"02:25:57","02:25:58",DM,"Six and one."
4214,"02:25:59","02:26:00",DM,"So seven."
4215,"02:26:00","02:26:01",DM,"He's your famine."
4216,"02:26:01","02:26:01",DM,"God,"
4217,"02:26:01","02:26:01",DM,"yeah."
4218,"02:26:02","02:26:02",DM,"Ten."
4219,"02:26:03","02:26:06",DM,"And then as a bonus action,"
4220,"02:26:06","02:26:08",DM,"I cast Hunter's Mark on the big fucker."
4221,"02:26:10","02:26:11",DM,"And that's pretty much it."
4222,"02:26:12","02:26:12",Speaker 1,"Now,"
4223,"02:26:12","02:26:12",Speaker 1,"fuck it,"
4224,"02:26:12","02:26:13",Speaker 1,"I move."
4225,"02:26:13","02:26:14",Speaker 1,"Beep-a-doo."
4226,"02:26:16","02:26:16",Speaker 1,"And that's me."
4227,"02:26:17","02:26:18",Speaker 1,"All right."
4228,"02:26:19","02:26:19",Speaker 1,"Okay,"
4229,"02:26:19","02:26:20",DM,"so what's that?"
4230,"02:26:20","02:26:20",DM,"Enemy."
4231,"02:26:23","02:26:25",DM,"What's the far one?"
4232,"02:26:25","02:26:26",DM,"That one is..."
4233,"02:26:27","02:26:27",DM,"Oh,"
4234,"02:26:27","02:26:27",DM,"yeah,"
4235,"02:26:27","02:26:29",DM,"that one was the one that got pushed up."
4236,"02:26:29","02:26:29",DM,"Oh,"
4237,"02:26:29","02:26:30",DM,"shit."
4238,"02:26:31","02:26:31",DM,"Yeah."
4239,"02:26:31","02:26:33",DM,"I was looking at the wrong number."
4240,"02:26:34","02:26:38",DM,"I was looking at my leftover movement from last turn that I wrote down,"
4241,"02:26:38","02:26:39",DM,"not my hit points."
4242,"02:26:40","02:26:41",DM,"Can I take back?"
4243,"02:26:41","02:26:42",DM,"Can I redo my turn?"
4244,"02:26:42","02:26:42",DM,"Sure."
4245,"02:26:42","02:26:43",DM,"Cool."
4246,"02:26:46","02:26:46",DM,"Because,"
4247,"02:26:46","02:26:47",DM,"yeah,"
4248,"02:26:47","02:26:48",DM,"I can take at least one hit before dying,"
4249,"02:26:48","02:26:48",DM,"I think."
4250,"02:26:50","02:26:51",DM,"So,"
4251,"02:26:51","02:26:51",DM,"yeah,"
4252,"02:26:51","02:26:53",DM,"I still Hunter's Mark that motherfucker,"
4253,"02:26:53","02:26:54",DM,"and then I attack him,"
4254,"02:26:55","02:26:55",DM,"probably twice."
4255,"02:27:01","02:27:02",DM,"First attack."
4256,"02:27:02","02:27:03",DM,"Six."
4257,"02:27:03","02:27:03",DM,"So,"
4258,"02:27:03","02:27:03",DM,"16."
4259,"02:27:04","02:27:04",DM,"16."
4260,"02:27:06","02:27:07",DM,"16 just hit."
4261,"02:27:07","02:27:07",DM,"Nice."
4262,"02:27:07","02:27:08",DM,"That's fucking dope."
4263,"02:27:09","02:27:12",DM,"I use Dread Strike on this hit."
4264,"02:27:13","02:27:14",DM,"So,"
4265,"02:27:14","02:27:18",DM,"I'm doing two die six psychic."
4266,"02:27:19","02:27:19",DM,"Is he resistant to that?"
4267,"02:27:20","02:27:20",DM,"Nope."
4268,"02:27:20","02:27:24",DM,"One die six piercing and one die six force."
4269,"02:27:25","02:27:25",DM,"Any resistance?"
4270,"02:27:26","02:27:26",DM,"No."
4271,"02:27:26","02:27:26",DM,"Nope."
4272,"02:27:27","02:27:27",Speaker 1,"Okay."
4273,"02:27:33","02:27:34",DM,"We got 10,"
4274,"02:27:34","02:27:36",DM,"16,"
4275,"02:27:36","02:27:36",DM,"21."
4276,"02:27:37","02:27:38",DM,"21 points of damage?"
4277,"02:27:38","02:27:38",DM,"Yep."
4278,"02:27:38","02:27:38",DM,"Okay."
4279,"02:27:39","02:27:39",DM,"He's still up."
4280,"02:27:40","02:27:40",DM,"He's still up."
4281,"02:27:40","02:27:40",DM,"Cool."
4282,"02:27:41","02:27:41",DM,"Then I attack."
4283,"02:27:41","02:27:42",DM,"He is now back,"
4284,"02:27:42","02:27:45",DM,"so I get advantage on this attack roll."
4285,"02:27:45","02:27:45",DM,"Yep."
4286,"02:27:46","02:27:47",DM,"Good thing I have that,"
4287,"02:27:47","02:27:49",DM,"so that's either a 5 or a 2."
4288,"02:27:49","02:27:49",DM,"Oh,"
4289,"02:27:49","02:27:50",DM,"fuck me."
4290,"02:27:51","02:27:51",DM,"15."
4291,"02:27:52","02:27:52",DM,"15."
4292,"02:27:52","02:27:52",DM,"Just miss."
4293,"02:27:53","02:27:53",DM,"Yeah,"
4294,"02:27:53","02:27:54",DM,"just miss."
4295,"02:27:54","02:27:55",DM,"Ball sack."
4296,"02:27:58","02:27:59",Speaker 1,"That's me."
4297,"02:27:59","02:28:00",Speaker 1,"That's it?"
4298,"02:28:00","02:28:00",Speaker 1,"Yep."
4299,"02:28:00","02:28:01",DM,"Alright,"
4300,"02:28:01","02:28:04",DM,"I've used..."
4301,"02:28:05","02:28:06",DM,"I think he's gone."
4302,"02:28:06","02:28:06",DM,"Yeah,"
4303,"02:28:06","02:28:06",DM,"okay."
4304,"02:28:11","02:28:13",DM,"He's gonna use his legendary action."
4305,"02:28:22","02:28:23",Speaker 4,"Yeah."
4306,"02:28:28","02:28:29",Speaker 1,"Actually,"
4307,"02:28:30","02:28:30",DM,"no it's not."
4308,"02:28:30","02:28:31",DM,"That's it."
4309,"02:28:31","02:28:32",DM,"Slug 1,"
4310,"02:28:32","02:28:33",DM,"this one here,"
4311,"02:28:33","02:28:37",DM,"is gonna go off and eat a person."
4312,"02:28:37","02:28:40",DM,"And if he gets a Twitter hacker,"
4313,"02:28:40","02:28:41",DM,"he successfully eats that person."
4314,"02:28:42","02:28:44",Catarina,"Do we just bunch of people and just like..."
4315,"02:28:45","02:28:48",DM,"The Wallygaggers who are not getting the message they should be running."
4316,"02:28:50","02:28:50",DM,"There's always some."
4317,"02:28:51","02:28:52",DM,"they ran away."
4318,"02:28:52","02:28:52",DM,"That one,"
4319,"02:28:52","02:28:53",DM,"yeah,"
4320,"02:28:53","02:28:53",DM,"for them."
4321,"02:28:53","02:28:53",DM,"Yep,"
4322,"02:28:54","02:28:54",DM,"yep."
4323,"02:28:54","02:28:54",DM,"Um,"
4324,"02:28:54","02:28:55",DM,"quick question."
4325,"02:28:56","02:28:57",DM,"When that one ate the gator,"
4326,"02:28:58","02:28:59",DM,"it formed a body,"
4327,"02:28:59","02:28:59",DM,"like,"
4328,"02:28:59","02:29:00",DM,"is it a gator?"
4329,"02:29:01","02:29:01",DM,"Like,"
4330,"02:29:01","02:29:02",DM,"is it a gator body?"
4331,"02:29:03","02:29:04",DM,"It's kind of gator-y."
4332,"02:29:04","02:29:04",DM,"Yeah,"
4333,"02:29:04","02:29:06",DM,"it kind of looks like a gator's voice."
4334,"02:29:07","02:29:08",DM,"It looks like a toad and a gator."
4335,"02:29:08","02:29:09",DM,"Kind of."
4336,"02:29:09","02:29:09",Speaker 1,"Um,"
4337,"02:29:10","02:29:11",Speaker 1,"yeah."
4338,"02:29:12","02:29:12",Speaker 1,"Uh,"
4339,"02:29:13","02:29:14",DM,"as the round ends,"
4340,"02:29:14","02:29:14",DM,"I,"
4341,"02:29:14","02:29:15",DM,"you can hear the,"
4342,"02:29:15","02:29:17",DM,"the banging in the distance getting the water."
4343,"02:29:18","02:29:19",DM,"And,"
4344,"02:29:19","02:29:19",DM,"uh,"
4345,"02:29:19","02:29:20",DM,"you're seeing some,"
4346,"02:29:20","02:29:20",DM,"You can see,"
4347,"02:29:20","02:29:21",DM,"you know,"
4348,"02:29:21","02:29:21",DM,"in the distance,"
4349,"02:29:21","02:29:26",DM,"people coming back towards the explosion."
4350,"02:29:26","02:29:28",DM,"Small crowds coming up from the streets."
4351,"02:29:29","02:29:31",DM,"People carrying just,"
4352,"02:29:31","02:29:33",DM,"you can see them walking down the street."
4353,"02:29:34","02:29:39",DM,"Some have skillets and pots and pans and banging them together."
4354,"02:29:39","02:29:40",DM,"And this is that."
4355,"02:29:41","02:29:42",DM,"That really good thing."
4356,"02:29:43","02:29:44",DM,"They're all doing it."
4357,"02:29:44","02:29:45",DM,"Yeah."
4358,"02:29:45","02:29:49",DM,"And it's just a bunch of random people coming towards."
4359,"02:29:50","02:29:52",DM,"back towards the fight."
4360,"02:29:53","02:29:58",DM,"The that one slot is very excited about it."
4361,"02:29:58","02:29:59",DM,"Begins running towards them."
4362,"02:30:01","02:30:02",DM,"Top of the round."
4363,"02:30:03","02:30:03",DM,"Delmar,"
4364,"02:30:03","02:30:03",DM,"you're up."
4365,"02:30:04","02:30:04",Speaker 1,"Damn."
4366,"02:30:07","02:30:07",Speaker 1,"Thank you."
4367,"02:30:09","02:30:10",Speaker 1,"I can't do it like you can."
4368,"02:30:10","02:30:11",Speaker 1,"I was trying to,"
4369,"02:30:11","02:30:12",Delmar,"but it's not the same."
4370,"02:30:12","02:30:12",Delmar,"Damn."
4371,"02:30:15","02:30:16",Delmar,"Alright."
4372,"02:30:16","02:30:50",Delmar,"Kind of like I'm looking around I'm assuming I'm high enough where I can look around and I see two other things that smoke off in the distance confirming the other two went off and then I see if you're high enough give me perception I'll tell you what maybe I have to smoke more What is my perception?"
4373,"02:30:51","02:30:52",Delmar,"Son of a bitch What'd you do?"
4374,"02:30:53","02:30:56",DM,"Stabbed myself with my pencil Have you tried not doing that?"
4375,"02:30:57","02:31:12",DM,"I've heard things People have said that that's an option I've heard theories There are There are crowds of people that The explosions in the distance There's a lot of activity near them And in fact,"
4376,"02:31:12","02:31:17",DM,"you can see quite a lot of boats in the harbor nearby as well."
4377,"02:31:19","02:31:22",DM,"And there seems to be commotion near the explosion sites."
4378,"02:31:24","02:31:25",DM,"Something's going on over there."
4379,"02:31:26","02:31:29",DM,"Maybe it's another little otar or something,"
4380,"02:31:29","02:31:30",DM,"but there's activity there."
4381,"02:31:30","02:31:39",DM,"And you can also see the crowds of people that were running away from the center of the city have started to kind of come back slowly."
4382,"02:31:41","02:31:41",Delmar,"They're,"
4383,"02:31:41","02:31:41",Delmar,"like,"
4384,"02:31:41","02:31:42",Delmar,"hitting pots,"
4385,"02:31:42","02:31:42",Delmar,"pans,"
4386,"02:31:42","02:31:43",Delmar,"all that kind of stuff,"
4387,"02:31:43","02:31:43",Delmar,"like,"
4388,"02:31:43","02:31:44",Delmar,"in that,"
4389,"02:31:44","02:31:44",Delmar,"like,"
4390,"02:31:44","02:31:44",Delmar,"one,"
4391,"02:31:44","02:31:44",Delmar,"two,"
4392,"02:31:45","02:31:45",Delmar,"three,"
4393,"02:31:45","02:31:45",Delmar,"one,"
4394,"02:31:45","02:31:45",Delmar,"two,"
4395,"02:31:45","02:31:45",Delmar,"three."
4396,"02:31:46","02:31:46",Delmar,"Yeah,"
4397,"02:31:46","02:31:47",DM,"it's a coordinated effort,"
4398,"02:31:47","02:31:48",DM,"yeah."
4399,"02:31:49","02:31:50",DM,"This is a Calveno,"
4400,"02:31:50","02:31:51",DM,"I mean,"
4401,"02:31:51","02:31:52",DM,"yeah,"
4402,"02:31:52","02:31:58",DM,"it's a Calveno defense mechanism against the Drebro Sea."
4403,"02:31:58","02:31:58",DM,"Yeah,"
4404,"02:31:58","02:32:00",DM,"this is the rash."
4405,"02:32:00","02:32:30",DM,"works well in like guerrilla tactics against an organized naval force or whatever imperial army but versus this kind of shit it's like you guys should run away so I'm going to send you guys a stat block this is your new ally over the next couple rounds of the fight it's the second war I really have to pee so I'm going to send you guys this you guys get Legendary actions."
4406,"02:32:31","02:32:31",Crissdalynn,"Ooh."
4407,"02:32:32","02:32:34",Crissdalynn,"We get required by the town."
4408,"02:32:35","02:32:35",Speaker 1,"Cool."
4409,"02:32:36","02:32:36",Speaker 1,"The rattle."
4410,"02:32:37","02:32:38",Speaker 1,"Swaps."
4411,"02:32:40","02:32:44",DM,"We've now teleported to a nice place."
4412,"02:32:46","02:32:46",Speaker 1,"In the meantime."
4413,"02:32:48","02:32:49",Speaker 1,"The battle."
4414,"02:32:49","02:32:50",DM,"Or the rattle."
4415,"02:32:50","02:32:51",DM,"The rattle."
4416,"02:32:51","02:32:52",Speaker 1,"I can read."
4417,"02:32:53","02:32:53",DM,"Can you?"
4418,"02:32:54","02:32:55",DM,"Kind of."
4419,"02:32:55","02:32:55",DM,"Sometimes."
4420,"02:32:56","02:32:56",DM,"Usually."
4421,"02:33:04","02:34:08",Catarina,"oh that's awesome very cool bandages I like that over here cocktail it's a molotov it's a molotov yeah that's awesome and how many actions do we get would you say five uh the party shares a pool of five legendary actions while the rival is active spent one at a time and refreshing at the start of each round on initiative count 20 nice cool duty forward post two Stabilizes the dying PC outright Alright so this is With it healing itself This is definitely going to be a fucking fight How dare you have"
4422,"02:34:08","02:34:20",Crissdalynn,"bodily function I hate to ask but Do you have any chips A little bit yeah What was that I'm gonna grab a smoothball."
4423,"02:34:22","02:34:22",Speaker 1,"Are you sure?"
4424,"02:34:22","02:34:23",Speaker 1,"Oh,"
4425,"02:34:23","02:34:23",Speaker 1,"yeah."
4426,"02:34:23","02:34:23",Speaker 1,"I'll take,"
4427,"02:34:23","02:34:23",Speaker 1,"like,"
4428,"02:34:23","02:34:24",Speaker 1,"a small ball."
4429,"02:34:24","02:34:25",Speaker 1,"That's good for us."
4430,"02:34:27","02:34:27",Speaker 1,"Oh,"
4431,"02:34:27","02:34:28",Speaker 1,"it's raining."
4432,"02:34:28","02:34:29",Delmar,"Yeah,"
4433,"02:34:29","02:34:30",Delmar,"it's been raining for a bit."
4434,"02:34:32","02:34:32",Speaker 1,"It's waning?"
4435,"02:34:33","02:34:33",Crissdalynn,"Yeah,"
4436,"02:34:33","02:34:35",Crissdalynn,"good thing I put the cover on the bike."
4437,"02:34:36","02:34:36",Speaker 1,"Oh."
4438,"02:34:36","02:34:37",Speaker 1,"It's getting good."
4439,"02:34:38","02:34:38",Catarina,"How's that been?"
4440,"02:34:39","02:34:39",Catarina,"Have you been,"
4441,"02:34:39","02:34:40",Catarina,"like..."
4442,"02:34:40","02:34:40",Catarina,"Good,"
4443,"02:34:40","02:34:40",Catarina,"yeah."
4444,"02:34:41","02:34:41",Catarina,"Yeah."
4445,"02:34:41","02:34:41",Catarina,"Yeah,"
4446,"02:34:41","02:34:42",Catarina,"that's awesome."
4447,"02:34:43","02:34:44",Speaker 1,"It's very fun."
4448,"02:34:47","02:34:47",Speaker 1,"Thank you."
4449,"02:34:48","02:34:48",Speaker 1,"Yeah,"
4450,"02:34:48","02:34:48",Speaker 1,"no problem."
4451,"02:34:49","02:34:51",Speaker 1,"I'm gonna see if there are any geysers."
4452,"02:34:56","02:34:58",Crissdalynn,"So you're like trying to just plot."
4453,"02:35:00","02:35:02",Crissdalynn,"Remind me of a guy who was just plotting over here."
4454,"02:35:17","02:35:19",DM,"I mean it's super light rain."
4455,"02:35:28","02:35:29",Speaker 7,"I ain't no grass bearer,"
4456,"02:35:29","02:35:29",Speaker 7,"champ."
4457,"02:35:32","02:35:32",Speaker 4,"It's just,"
4458,"02:35:32","02:35:33",Speaker 4,"it's super,"
4459,"02:35:33","02:35:33",Speaker 4,"super light."
4460,"02:35:34","02:35:34",Speaker 7,"Yeah,"
4461,"02:35:34","02:35:35",Speaker 7,"it's just little flicks."
4462,"02:35:38","02:35:39",Speaker 1,"Not bad."
4463,"02:35:41","02:35:46",Speaker 1,"What are we listening to?"
4464,"02:35:48","02:35:49",Crissdalynn,"It would watch up the shore somewhere."
4465,"02:35:50","02:35:50",DM,"Apparently."
4466,"02:35:54","02:35:55",Crissdalynn,"Reminds me of the game Lost at Sea."
4467,"02:35:57","02:35:58",DM,"I'm going to just take over."
4468,"02:35:59","02:36:00",DM,"I don't know what I think."
4469,"02:36:01","02:36:02",DM,"We're listening to,"
4470,"02:36:02","02:36:04",DM,"I don't know what we're listening to."
4471,"02:36:05","02:36:05",DM,"Guys,"
4472,"02:36:05","02:36:05",DM,"guys,"
4473,"02:36:05","02:36:06",DM,"oh my gosh,"
4474,"02:36:06","02:36:07",DM,"I think I'm being socked."
4475,"02:36:07","02:36:08",DM,"Someone put this in."
4476,"02:36:12","02:36:13",Delmar,"What have you done?"
4477,"02:36:13","02:36:14",Delmar,"Who did you sock?"
4478,"02:36:15","02:36:17",DM,"Now I understand what the post-it note was."
4479,"02:36:21","02:36:23",DM,"I got a good laugh out of that."
4480,"02:36:24","02:36:25",DM,"Mission successful."
4481,"02:36:27","02:36:57",Crissdalynn,"and like i don't know i thought about leaving it on the front door for you to discover like a couple hours later but then the sticky note wasn't super super sticky so i'm like it'll blow yeah i don't know when to get a bill more to start planting those all over the floor it's gonna be a little couple of days yeah it would when i randomly between some cereal somewhere yeah you guys here in the distance um kitchen and cartwheels,"
4482,"02:36:57","02:36:59",DM,"window ledges taking up the beat together,"
4483,"02:36:59","02:37:00",DM,"people leaning out of their windows,"
4484,"02:37:00","02:37:02",DM,"banging together whatever they have,"
4485,"02:37:02","02:37:05",DM,"sending the message wide across town,"
4486,"02:37:05","02:37:07",DM,"hide or get ready to fight."
4487,"02:37:08","02:37:12",DM,"The crowd scattered from the blast comes back over the crater's broken lips,"
4488,"02:37:12","02:37:14",DM,"slow and deliberate,"
4489,"02:37:14","02:37:17",DM,"carrying whatever the last few minutes they had gathered."
4490,"02:37:18","02:37:19",DM,"A woman near the rim,"
4491,"02:37:19","02:37:23",DM,"heaves a jar of burning lamp oil down in the crater,"
4492,"02:37:23","02:37:27",DM,"catching the red hide of Otar and bursting on his face."
4493,"02:37:28","02:37:29",DM,"Nice."
4494,"02:37:29","02:37:30",DM,"Just a second here."
4495,"02:37:30","02:37:32",Catarina,"Am I in range of his damage,"
4496,"02:37:32","02:37:34",Catarina,"considering he's scrabbling me?"
4497,"02:37:34","02:37:36",DM,"You're lucky you're in his mouth,"
4498,"02:37:36","02:37:37",DM,"so..."
4499,"02:37:37","02:37:38",Speaker 1,"He might let you go."
4500,"02:37:38","02:37:40",DM,"Someone just threw a Calveno cocktail."
4501,"02:37:41","02:37:41",DM,"I was like,"
4502,"02:37:41","02:37:41",DM,"oh,"
4503,"02:37:41","02:37:41",DM,"fuck."
4504,"02:37:43","02:37:43",DM,"Um,"
4505,"02:37:46","02:37:47",DM,"40 feet back along the tunnel mouth."
4506,"02:37:49","02:37:49",DM,"Um..."
4507,"02:37:49","02:37:51",DM,"Let's see here."
4508,"02:37:53","02:37:58",DM,"Local medics start walking up towards you carrying stretchers out."
4509,"02:37:59","02:38:01",DM,"People carrying bandages."
4510,"02:38:02","02:38:06",DM,"You see people from all across town seem to show up."
4511,"02:38:08","02:38:09",DM,"Otar's head snaps around,"
4512,"02:38:09","02:38:13",DM,"confused by the sudden appearance of all these people."
4513,"02:38:14","02:38:16",DM,"And the numbers seem almost confusing."
4514,"02:38:17","02:38:18",Speaker 1,"Alright,"
4515,"02:38:18","02:38:19",Speaker 1,"so here,"
4516,"02:38:19","02:38:20",DM,"the fight continues."
4517,"02:38:24","02:38:25",Speaker 1,"Where were we in the old game?"
4518,"02:38:26","02:38:27",DM,"I think we were starting a new round."
4519,"02:38:27","02:38:28",DM,"Yeah,"
4520,"02:38:28","02:38:28",DM,"it was a new round,"
4521,"02:38:28","02:38:29",DM,"yep."
4522,"02:38:30","02:38:30",Speaker 1,"Delmar."
4523,"02:38:33","02:38:33",Delmar,"Well,"
4524,"02:38:33","02:38:34",Delmar,"seeing that she is,"
4525,"02:38:35","02:38:36",Delmar,"sorry,"
4526,"02:38:38","02:38:38",Delmar,"Ms."
4527,"02:38:38","02:38:40",Delmar,"Deverelli is,"
4528,"02:38:41","02:38:41",Delmar,"Varelli,"
4529,"02:38:41","02:38:41",Delmar,"Ms."
4530,"02:38:42","02:38:43",Delmar,"Deverelli,"
4531,"02:38:43","02:38:45",Delmar,"is in the frog's mouth,"
4532,"02:38:45","02:38:46",Delmar,"I'm going to,"
4533,"02:38:46","02:38:47",Delmar,"uh,"
4534,"02:38:47","02:38:48",Delmar,"uh,"
4535,"02:38:48","02:38:52",Delmar,"gun on my back,"
4536,"02:38:52","02:38:52",Delmar,"um,"
4537,"02:38:53","02:38:55",Delmar,"and I'm actually going to fly down,"
4538,"02:38:56","02:38:56",Delmar,"uh,"
4539,"02:38:56","02:38:59",Delmar,"and pull up my rapier to,"
4540,"02:38:59","02:38:59",Delmar,"um,"
4541,"02:38:59","02:39:00",Delmar,"oh,"
4542,"02:39:00","02:39:01",Delmar,"wait,"
4543,"02:39:01","02:39:01",Delmar,"no,"
4544,"02:39:01","02:39:02",Delmar,"that would be funnier."
4545,"02:39:02","02:39:03",Delmar,"I'm going to fly down,"
4546,"02:39:03","02:39:04",Delmar,"zip,"
4547,"02:39:04","02:39:05",Delmar,"like kind of fly down,"
4548,"02:39:05","02:39:06",Delmar,"zip around it,"
4549,"02:39:06","02:39:09",Delmar,"grab the chair,"
4550,"02:39:09","02:39:13",Delmar,"and then spin with the chair in my hand,"
4551,"02:39:13","02:39:15",Delmar,"like kind of like flying in a quick circle,"
4552,"02:39:15","02:39:18",Delmar,"and I'm going to launch the thing to try and hit it in its throat."
4553,"02:39:18","02:39:19",Delmar,"So try to like..."
4554,"02:39:19","02:39:20",DM,"Are you going to pull it?"
4555,"02:39:20","02:39:20",DM,"Yeah."
4556,"02:39:21","02:39:21",DM,"Okay."
4557,"02:39:21","02:39:24",DM,"So you're throwing Adam's apple chair at it."
4558,"02:39:24","02:39:24",DM,"Okay."
4559,"02:39:24","02:39:24",DM,"Yeah."
4560,"02:39:24","02:39:25",DM,"Roll the hit."
4561,"02:39:27","02:39:27",Delmar,"Please."
4562,"02:39:28","02:39:28",Delmar,"Please."
4563,"02:39:30","02:39:31",Delmar,"I am burning heroic."
4564,"02:39:32","02:39:32",Delmar,"Wait,"
4565,"02:39:32","02:39:32",Delmar,"no,"
4566,"02:39:32","02:39:33",Delmar,"I have advantage."
4567,"02:39:33","02:39:33",Delmar,"I have advantage."
4568,"02:39:34","02:39:35",Delmar,"Because the thing is..."
4569,"02:39:36","02:39:36",Delmar,"Okay,"
4570,"02:39:36","02:39:37",Delmar,"now I'm burning a heroic."
4571,"02:39:38","02:39:39",Speaker 1,"Come on,"
4572,"02:39:39","02:39:39",Speaker 1,"come on,"
4573,"02:39:39","02:39:39",Speaker 1,"come on."
4574,"02:39:40","02:39:40",Speaker 1,"What about bardic?"
4575,"02:39:41","02:39:41",Delmar,"There we go."
4576,"02:39:42","02:39:42",Delmar,"That is..."
4577,"02:39:43","02:39:44",Delmar,"Where's my..."
4578,"02:39:44","02:39:44",Delmar,"Bardic,"
4579,"02:39:45","02:39:45",Speaker 1,"unfortunately."
4580,"02:39:45","02:39:46",Speaker 1,"Oh,"
4581,"02:39:46","02:39:46",Speaker 1,"oh,"
4582,"02:39:46","02:39:46",Delmar,"yeah."
4583,"02:39:46","02:39:47",Delmar,"I have an anti-aggression."
4584,"02:39:49","02:39:50",DM,"No problem."
4585,"02:39:50","02:39:52",DM,"I'm trying to buff during the..."
4586,"02:39:52","02:39:52",DM,"Yeah,"
4587,"02:39:52","02:39:52",DM,"no,"
4588,"02:39:52","02:39:53",DM,"that was great."
4589,"02:39:53","02:39:54",DM,"This is why she has to..."
4590,"02:39:56","02:39:56",Delmar,"Fuck,"
4591,"02:39:56","02:39:57",Delmar,"how do I look at my arm?"
4592,"02:39:57","02:39:58",Delmar,"Damn buff."
4593,"02:39:58","02:39:58",Delmar,"Now,"
4594,"02:39:58","02:39:58",Delmar,"so..."
4595,"02:39:58","02:40:01",DM,"She started just dealing damage or healing."
4596,"02:40:02","02:40:04",DM,"from the first two turns."
4597,"02:40:04","02:40:05",Delmar,"I'm a crazy person."
4598,"02:40:05","02:40:06",Delmar,"I know where this is."
4599,"02:40:07","02:40:07",Delmar,"Yeah,"
4600,"02:40:07","02:40:07",Delmar,"that's the hard part."
4601,"02:40:09","02:40:10",Delmar,"Plus three,"
4602,"02:40:10","02:40:11",Delmar,"so that is eight."
4603,"02:40:11","02:40:12",Delmar,"I'm seeing..."
4604,"02:40:12","02:40:13",Delmar,"What do you mean?"
4605,"02:40:13","02:40:14",Delmar,"What do I put after?"
4606,"02:40:15","02:40:15",Delmar,"Oh,"
4607,"02:40:15","02:40:16",Delmar,"yeah,"
4608,"02:40:16","02:40:16",Delmar,"eight."
4609,"02:40:17","02:40:18",Delmar,"Okay."
4610,"02:40:19","02:40:20",Delmar,"Okay,"
4611,"02:40:20","02:40:20",Delmar,"so..."
4612,"02:40:21","02:40:21",Speaker 1,"Yeah,"
4613,"02:40:23","02:40:23",Delmar,"all right."
4614,"02:40:23","02:40:26",Delmar,"So that's one arm striking with the special chair."
4615,"02:40:27","02:40:27",Delmar,"Everybody."
4616,"02:40:28","02:40:28",Delmar,"Yay."
4617,"02:40:30","02:40:30",Delmar,"Sorry,"
4618,"02:40:30","02:40:31",Delmar,"I was just very happy."
4619,"02:40:32","02:40:33",Delmar,"I sit with the chair."
4620,"02:40:34","02:40:34",Delmar,"Okay,"
4621,"02:40:34","02:40:37",Delmar,"and then an arm strike is..."
4622,"02:40:38","02:40:39",Speaker 1,"Yeah."
4623,"02:40:40","02:40:40",Speaker 1,"Especially for Bart."
4624,"02:40:42","02:40:42",Delmar,"Alright,"
4625,"02:40:42","02:40:43",Delmar,"so that's..."
4626,"02:40:46","02:40:47",DM,"In due time."
4627,"02:40:47","02:40:48",DM,"Let me go."
4628,"02:40:51","02:40:52",Delmar,"So that's..."
4629,"02:40:53","02:40:53",Delmar,"Where are you?"
4630,"02:40:57","02:40:59",Delmar,"That is five."
4631,"02:41:00","02:41:01",Delmar,"damage,"
4632,"02:41:01","02:41:02",Delmar,"and then I need to do my sneak attack."
4633,"02:41:04","02:41:04",Speaker 1,"Okay."
4634,"02:41:07","02:41:12",Delmar,"Because I don't think I add anything to the unarmed other than the three."
4635,"02:41:17","02:41:18",DM,"Sneak attack,"
4636,"02:41:18","02:41:19",DM,"you would..."
4637,"02:41:19","02:41:19",DM,"Oh,"
4638,"02:41:19","02:41:20",DM,"wait."
4639,"02:41:20","02:41:21",DM,"You're in melee range,"
4640,"02:41:21","02:41:22",DM,"or are you doing ranged attack?"
4641,"02:41:23","02:41:24",DM,"Oh,"
4642,"02:41:24","02:41:24",DM,"right."
4643,"02:41:24","02:41:25",DM,"Yeah."
4644,"02:41:26","02:41:32",DM,"So you wouldn't get sneak attack on it You can get sneak attack up ranged because other people are agape."
4645,"02:41:32","02:41:32",DM,"Oh,"
4646,"02:41:33","02:41:33",DM,"yeah,"
4647,"02:41:33","02:41:34",DM,"he's flanking."
4648,"02:41:34","02:41:34",DM,"Yeah,"
4649,"02:41:34","02:41:35",DM,"he may not have advantage."
4650,"02:41:35","02:41:37",DM,"And he had advantage anyways."
4651,"02:41:38","02:41:39",DM,"Because of the blocks or whatever,"
4652,"02:41:40","02:41:40",DM,"right?"
4653,"02:41:40","02:41:40",DM,"Yeah."
4654,"02:41:43","02:41:44",Delmar,"Can I use..."
4655,"02:41:44","02:41:47",Delmar,"Can I also use my cunning action?"
4656,"02:41:47","02:41:48",Delmar,"Not cunning action."
4657,"02:41:49","02:41:50",Delmar,"My other one."
4658,"02:41:51","02:41:51",Delmar,"My,"
4659,"02:41:51","02:41:52",Delmar,"um..."
4660,"02:41:55","02:41:56",Delmar,"I just got it."
4661,"02:41:59","02:42:27",Delmar,"uh cutting strike or whatever it's called where I can burn a dice to either it would be nice to do either a trip a poison or yeah that's what I want to do dodge or run away or something like that yeah basically there it is yeah we're going to find a cunning action and it will tell you them no it doesn't no it's not this one it's another uh poison trip or withdraw can I trip it?"
4662,"02:42:28","02:42:29",Speaker 1,"You can certainly drive."
4663,"02:42:30","02:42:31",DM,"Wait,"
4664,"02:42:31","02:42:31",DM,"wait,"
4665,"02:42:31","02:42:31",DM,"wait."
4666,"02:42:32","02:42:32",DM,"You're above it."
4667,"02:42:32","02:42:33",Speaker 1,"How are you tripping it?"
4668,"02:42:33","02:42:34",Delmar,"No,"
4669,"02:42:34","02:42:35",Delmar,"I flew down,"
4670,"02:42:35","02:42:36",Delmar,"spun the chair,"
4671,"02:42:37","02:42:38",Delmar,"launched the chair out."
4672,"02:42:38","02:42:38",Delmar,"Basically,"
4673,"02:42:39","02:42:41",Delmar,"I just built the momentum and sent the chair flying."
4674,"02:42:42","02:42:42",Delmar,"And then,"
4675,"02:42:42","02:42:43",Delmar,"I mean,"
4676,"02:42:43","02:42:44",Delmar,"I sure wanted to hit it like this,"
4677,"02:42:44","02:42:46",Delmar,"but maybe it's like instead I hit it in the,"
4678,"02:42:46","02:42:46",Delmar,"I don't know,"
4679,"02:42:46","02:42:50",Delmar,"the equivalent of the frog's nuts or kneecap or something."
4680,"02:42:50","02:42:51",Delmar,"So it's like,"
4681,"02:42:51","02:42:51",Delmar,"you know,"
4682,"02:42:52","02:42:53",Delmar,"and then it lands and maybe spits her out."
4683,"02:42:54","02:42:55",Delmar,"That's a lot of asks."
4684,"02:42:56","02:42:57",Delmar,"Okay,"
4685,"02:42:57","02:43:00",Delmar,"do I have to choose between either Adam's appling him or dropping him?"
4686,"02:43:01","02:43:01",Delmar,"Yeah,"
4687,"02:43:01","02:43:01",Delmar,"one of the two."
4688,"02:43:02","02:43:03",Delmar,"It's either or not to the Adam's apple."
4689,"02:43:05","02:43:05",Delmar,"High or low."
4690,"02:43:07","02:43:07",DM,"Alright,"
4691,"02:43:07","02:43:09",DM,"I'm going for the Adam's apple."
4692,"02:43:09","02:43:12",DM,"17 is what you need to make it spit out."
4693,"02:43:12","02:43:13",Speaker 1,"Alright."
4694,"02:43:16","02:43:18",Delmar,"Am I adding anything to that?"
4695,"02:43:18","02:43:19",Delmar,"Or is it just straight roll 17?"
4696,"02:43:20","02:43:24",DM,"Do you get the roll or add stuff for your tossing stuff?"
4697,"02:43:24","02:43:27",DM,"Your proficiency bonus and your strength or dex,"
4698,"02:43:27","02:43:27",DM,"whichever's higher."
4699,"02:43:28","02:43:28",DM,"Oh,"
4700,"02:43:28","02:43:29",Delmar,"definitely my dex then."
4701,"02:43:30","02:43:31",DM,"Your proficiency bonus."
4702,"02:43:33","02:43:33",DM,"Which is three."
4703,"02:43:34","02:43:34",Speaker 1,"Yep."
4704,"02:43:36","02:43:36",Speaker 1,"Five."
4705,"02:43:38","02:43:39",DM,"So there's the..."
4706,"02:43:39","02:43:40",DM,"Am I the only one with C-blast?"
4707,"02:43:41","02:43:42",DM,"I think so."
4708,"02:43:43","02:43:44",Speaker 1,"I think it's in my 14."
4709,"02:43:44","02:43:44",Delmar,"Alright,"
4710,"02:43:44","02:43:45",Delmar,"well,"
4711,"02:43:45","02:43:47",Delmar,"I'm going to burn my last heroic and..."
4712,"02:43:48","02:43:50",DM,"I have a plumb tube."
4713,"02:43:50","02:43:50",DM,"Come on,"
4714,"02:43:50","02:43:51",DM,"come on."
4715,"02:43:52","02:43:52",DM,"No,"
4716,"02:43:52","02:43:52",DM,"it's X."
4717,"02:43:53","02:43:53",Speaker 1,"Nope."
4718,"02:43:53","02:43:54",Delmar,"Rolled a seven."
4719,"02:43:54","02:43:54",Delmar,"He didn't."
4720,"02:43:55","02:43:55",Delmar,"That was me."
4721,"02:43:56","02:43:57",Delmar,"You're literally one shy."
4722,"02:43:58","02:43:59",Delmar,"Add up both of your classes."
4723,"02:44:01","02:44:02",Delmar,"I'm pretty bad."
4724,"02:44:02","02:44:04",Delmar,"I don't get the plus one because I'm not using the gun."
4725,"02:44:05","02:44:06",Delmar,"It's moist in here."
4726,"02:44:06","02:44:07",Delmar,"No,"
4727,"02:44:07","02:44:08",Delmar,"you don't get that shit."
4728,"02:44:08","02:44:08",Delmar,"You get that shit."
4729,"02:44:08","02:44:09",Delmar,"So then I do,"
4730,"02:44:10","02:44:11",Delmar,"what was it,"
4731,"02:44:11","02:44:13",Delmar,"65 to that ghost?"
4732,"02:44:13","02:44:14",Delmar,"Because they all advantage."
4733,"02:44:14","02:44:14",Delmar,"5,"
4734,"02:44:14","02:44:14",Delmar,"11,"
4735,"02:44:15","02:44:19",Delmar,"16 points of bludgeoning on him."
4736,"02:44:20","02:44:21",Delmar,"And then I ask the question."
4737,"02:44:22","02:44:23",Delmar,"He said otherwise,"
4738,"02:44:23","02:44:24",Delmar,"I'm not sure."
4739,"02:44:24","02:44:25",Delmar,"I'll look it up."
4740,"02:44:26","02:44:28",Delmar,"It's looking real rough."
4741,"02:44:28","02:44:32",Delmar,"Unless someone's got a hero they can give me."
4742,"02:44:33","02:44:34",Speaker 1,"You've already used a hero."
4743,"02:44:35","02:44:36",Delmar,"Oh wait,"
4744,"02:44:36","02:44:36",Delmar,"that's right."
4745,"02:44:36","02:44:37",Delmar,"Yeah."
4746,"02:44:38","02:44:38",Delmar,"Okay."
4747,"02:44:41","02:44:42",Crissdalynn,"Just attack it."
4748,"02:44:42","02:44:43",Crissdalynn,"Yeah,"
4749,"02:44:43","02:44:44",Delmar,"it's my bonus action."
4750,"02:44:46","02:44:48",Crissdalynn,"The chair intact."
4751,"02:44:48","02:44:50",DM,"The chair is surprisingly intact."
4752,"02:44:51","02:44:53",DM,"It is an oddly durable chair,"
4753,"02:44:53","02:44:54",DM,"actually."
4754,"02:44:54","02:45:02",DM,"The fact that it's like almost unstuck after being thrown at this massive dog and getting the explosion is odd."
4755,"02:45:03","02:45:04",DM,"Suspicious,"
4756,"02:45:04","02:45:04",DM,"even."
4757,"02:45:04","02:45:05",Crissdalynn,"A little suspicious."
4758,"02:45:06","02:45:06",Crissdalynn,"We're bringing this chair home."
4759,"02:45:07","02:45:07",Delmar,"Oh,"
4760,"02:45:07","02:45:08",Delmar,"I'm absolutely bringing this chair home."
4761,"02:45:08","02:45:09",Delmar,"Okay,"
4762,"02:45:09","02:45:10",Delmar,"what was it they say again,"
4763,"02:45:10","02:45:10",Delmar,"16?"
4764,"02:45:11","02:45:12",Delmar,"Yes."
4765,"02:45:12","02:45:12",Delmar,"Okay."
4766,"02:45:12","02:45:13",Delmar,"Looks like a prone."
4767,"02:45:14","02:45:15",Delmar,"Looks like an orange."
4768,"02:45:16","02:45:16",Delmar,"Yep,"
4769,"02:45:16","02:45:17",Delmar,"so that hits."
4770,"02:45:17","02:45:19",Delmar,"So then it's just pistol damage."
4771,"02:45:21","02:45:25",Delmar,"And that was the 1d5 or 1d10."
4772,"02:45:27","02:45:28",Speaker 1,"You've been around a while."
4773,"02:45:29","02:45:30",Speaker 1,"No."
4774,"02:45:30","02:45:31",Delmar,"Alright,"
4775,"02:45:31","02:45:31",Delmar,"well,"
4776,"02:45:31","02:45:33",Delmar,"I'm just not doing a whole lot of damage this time,"
4777,"02:45:33","02:45:35",Delmar,"so another 6 bludgeoning."
4778,"02:45:36","02:45:37",Delmar,"Pretty good."
4779,"02:45:37","02:45:38",Delmar,"And it's vexed,"
4780,"02:45:38","02:45:40",Delmar,"so I have advantage again."
4781,"02:45:40","02:45:40",Speaker 1,"Okay."
4782,"02:45:41","02:45:43",Crissdalynn,"Was that an arm strike?"
4783,"02:45:43","02:45:45",Crissdalynn,"It was a funny image of us."
4784,"02:45:45","02:45:46",Delmar,"I get everything."
4785,"02:45:48","02:45:48",Delmar,"Sorry,"
4786,"02:45:48","02:45:49",Delmar,"how much was that?"
4787,"02:45:50","02:45:52",Delmar,"That was an additional six points of damage."
4788,"02:45:54","02:45:55",Speaker 1,"Five."
4789,"02:45:56","02:45:56",Delmar,"Right?"
4790,"02:45:56","02:45:57",Delmar,"Or was it..."
4791,"02:45:57","02:45:58",Delmar,"Hold on."
4792,"02:45:58","02:45:59",Delmar,"Oh."
4793,"02:46:00","02:46:01",Delmar,"That might have been..."
4794,"02:46:01","02:46:01",Delmar,"Yeah,"
4795,"02:46:01","02:46:01",Delmar,"one d10."
4796,"02:46:01","02:46:02",Delmar,"I rolled a one."
4797,"02:46:02","02:46:03",Delmar,"Then I get the plus five."
4798,"02:46:03","02:46:03",Delmar,"Yeah,"
4799,"02:46:03","02:46:04",Delmar,"so that's six."
4800,"02:46:04","02:46:05",Delmar,"Meaning I might get a plus two."
4801,"02:46:05","02:46:06",Delmar,"How do you want to do this?"
4802,"02:46:07","02:46:08",DM,"I don't know if it rounds up or rounds down."
4803,"02:46:08","02:46:09",DM,"No way."
4804,"02:46:10","02:46:10",DM,"Yeah,"
4805,"02:46:10","02:46:12",DM,"because you get half."
4806,"02:46:12","02:46:13",Delmar,"Holy shit."
4807,"02:46:15","02:46:15",Delmar,"Okay,"
4808,"02:46:15","02:46:17",Delmar,"so Delmar flies down."
4809,"02:46:19","02:46:23",Delmar,"sees it and instead of pulling the gun,"
4810,"02:46:24","02:46:25",Delmar,"he's too worried he's going to shoot,"
4811,"02:46:25","02:46:25",Delmar,"do damage to her,"
4812,"02:46:26","02:46:27",Delmar,"so he flies down and grabs this chair,"
4813,"02:46:27","02:46:29",Delmar,"this immaculate beautiful chair,"
4814,"02:46:29","02:46:31",Delmar,"and using your momentum,"
4815,"02:46:31","02:46:32",Delmar,"kind of like feed out,"
4816,"02:46:32","02:46:35",Delmar,"pushing in one direction then kind of twisting,"
4817,"02:46:35","02:46:45",Delmar,"so he's almost like Bowser-style spinning his chair so it's just like spinning and just like hits him right here,"
4818,"02:46:45","02:46:48",Delmar,"and you just hear this crunch snap."
4819,"02:46:48","02:46:50",Delmar,"It was the perfect angle."
4820,"02:46:50","02:46:51",Delmar,"It was like..."
4821,"02:46:52","02:46:55",Delmar,"And then I just whip out the pistol really quick,"
4822,"02:46:55","02:46:57",Delmar,"just take aim and fire,"
4823,"02:46:57","02:47:00",Delmar,"and the bullet just goes straight into his eye."
4824,"02:47:01","02:47:03",Delmar,"And just spreads through it."
4825,"02:47:04","02:47:07",Catarina,"I was picturing that Catarina's in this..."
4826,"02:47:07","02:47:09",Catarina,"I pictured her swallowed,"
4827,"02:47:09","02:47:15",Catarina,"and she's hearing the muttering of a rat saying,"
4828,"02:47:15","02:47:45",Catarina,"you got the hell hey in there right was my hearing uh words i'm like doing this thing at the back of his throat as i'm trying to like not and i'm i'm like okay maybe i need to just grab my smoke bomb and just drop it you know kind of like that's what i are you what's this about a smoke bomb are you using a smoke bomb well i was going to on my next turn following after what You would have probably seen me come out with like,"
4829,"02:47:45","02:47:45",Catarina,"yeah."
4830,"02:47:45","02:47:47",DM,"So just because I like the image,"
4831,"02:47:47","02:47:50",DM,"let's describe it from your perspective inside the tunnel too."
4832,"02:47:51","02:47:52",DM,"You're sitting there,"
4833,"02:47:52","02:47:53",DM,"you're hearing all this stuff going on,"
4834,"02:47:54","02:47:55",DM,"and then you see this just,"
4835,"02:47:55","02:47:56",DM,"boom,"
4836,"02:47:56","02:47:57",DM,"get right underneath you."
4837,"02:47:58","02:47:59",DM,"And then,"
4838,"02:48:00","02:48:00",DM,"oh my God,"
4839,"02:48:00","02:48:00",DM,"and then,"
4840,"02:48:00","02:48:01",DM,"boom."
4841,"02:48:02","02:48:06",DM,"And you just see this flash of light appear through the top of the mouth."
4842,"02:48:07","02:48:07",DM,"Yeah."
4843,"02:48:07","02:48:11",DM,"A little pin drop of light coming in into the dark of the mouth."
4844,"02:48:11","02:48:12",DM,"before you just..."
4845,"02:48:14","02:48:15",Speaker 1,"I'm throwing up."
4846,"02:48:16","02:48:17",Speaker 1,"I'm rolling out."
4847,"02:48:17","02:48:18",Speaker 4,"That's how far."
4848,"02:48:19","02:48:19",Speaker 1,"Yeah,"
4849,"02:48:19","02:48:20",Speaker 1,"that's how far."
4850,"02:48:22","02:48:23",Speaker 4,"I'm dreading it."
4851,"02:48:23","02:48:26",Crissdalynn,"I dealt it 67 damage in one tap."
4852,"02:48:27","02:48:28",Crissdalynn,"Yeah,"
4853,"02:48:28","02:48:28",Crissdalynn,"that was good."
4854,"02:48:28","02:48:29",Crissdalynn,"That was awesome."
4855,"02:48:30","02:48:31",DM,"I tumble out of his mouth."
4856,"02:48:32","02:48:36",DM,"The pans keep the beat a moment past the last blow landing."
4857,"02:48:37","02:48:38",DM,"Two quick taps,"
4858,"02:48:38","02:48:38",DM,"once,"
4859,"02:48:39","02:48:39",DM,"and stop."
4860,"02:48:41","02:48:42",DM,"Dust hangs in the air,"
4861,"02:48:42","02:48:45",DM,"finally starting to settle on your shoulders."
4862,"02:48:47","02:48:47",DM,"Bruised,"
4863,"02:48:47","02:48:48",DM,"battered,"
4864,"02:48:48","02:48:48",DM,"defeated,"
4865,"02:48:48","02:48:52",DM,"the citizen Calveno clucked around you."
4866,"02:48:54","02:48:55",Speaker 1,"Nobody chews."
4867,"02:48:56","02:49:01",DM,"A woman near the rim who threw that first jar sits down hard on a chunk of masonry,"
4868,"02:49:01","02:49:03",DM,"hands still shaking with adrenaline."
4869,"02:49:04","02:49:09",DM,"Pieces of the thing lie scattered across the crater floor where the fight tore them loose."
4870,"02:49:10","02:49:11",DM,"It's a rotting hide,"
4871,"02:49:11","02:49:14",DM,"already decaying and melting into the ground."
4872,"02:49:17","02:49:25",DM,"You can see a small little scrap of paper in the decaying corpse."
4873,"02:49:27","02:49:27",DM,"Yeah."
4874,"02:49:28","02:49:29",DM,"Up on the left,"
4875,"02:49:29","02:49:30",DM,"the crowd starts to move."
4876,"02:49:32","02:49:32",DM,"Oh,"
4877,"02:49:32","02:49:33",DM,"there is one still there."
4878,"02:49:34","02:49:34",Delmar,"Yeah,"
4879,"02:49:34","02:49:35",Delmar,"there is."
4880,"02:49:35","02:49:35",Delmar,"I forgot."
4881,"02:49:36","02:49:38",Delmar,"We're not in combat yet."
4882,"02:49:38","02:49:38",Delmar,"I'm sorry."
4883,"02:49:40","02:49:41",Delmar,"I forgot about that."
4884,"02:49:41","02:49:42",Delmar,"Thank you for mentioning it."
4885,"02:49:42","02:49:43",DM,"I thought maybe I just wasn't paying attention."
4886,"02:49:43","02:49:44",DM,"I was like,"
4887,"02:49:44","02:49:44",Speaker 1,"oh,"
4888,"02:49:44","02:49:44",Speaker 1,"fuck."
4889,"02:49:44","02:49:47",Crissdalynn,"I just realized that there were still two things."
4890,"02:49:47","02:49:47",Crissdalynn,"Yeah,"
4891,"02:49:47","02:49:48",Delmar,"that's right."
4892,"02:49:48","02:49:49",Delmar,"They're independent."
4893,"02:49:49","02:49:50",Delmar,"They aren't connected to it."
4894,"02:49:50","02:49:50",Delmar,"Like,"
4895,"02:49:50","02:49:52",Delmar,"it's not like it's out of the way."
4896,"02:49:52","02:49:52",Delmar,"No."
4897,"02:49:52","02:49:52",Delmar,"Okay."
4898,"02:49:53","02:49:54",DM,"I was hoping he wouldn't notice,"
4899,"02:49:54","02:49:55",DM,"and I ain't no snitch."
4900,"02:49:57","02:49:58",Crissdalynn,"So,"
4901,"02:49:58","02:49:58",Crissdalynn,"yeah."
4902,"02:49:58","02:49:58",Crissdalynn,"Nice."
4903,"02:49:58","02:50:00",Crissdalynn,"I like continuity in my story."
4904,"02:50:01","02:50:02",Crissdalynn,"You love that XP,"
4905,"02:50:02","02:50:03",Crissdalynn,"you know?"
4906,"02:50:03","02:50:03",Crissdalynn,"I respect that."
4907,"02:50:03","02:50:03",DM,"Yeah,"
4908,"02:50:03","02:50:05",DM,"I can't help myself either way."
4909,"02:50:05","02:50:05",Crissdalynn,"Think about the XP."
4910,"02:50:06","02:50:07",DM,"Spotted what?"
4911,"02:50:07","02:50:07",DM,"Yeah."
4912,"02:50:07","02:50:07",DM,"Yeah."
4913,"02:50:08","02:50:08",DM,"Yeah,"
4914,"02:50:09","02:50:09",DM,"so two more left."
4915,"02:50:11","02:50:13",Crissdalynn,"Will I come rolling out of a..."
4916,"02:50:13","02:50:14",Speaker 1,"Yeah,"
4917,"02:50:14","02:50:14",Speaker 1,"I'm done."
4918,"02:50:14","02:50:17",Crissdalynn,"Kyzil is going to be chucking some daggers this way."
4919,"02:50:17","02:50:19",Crissdalynn,"I don't know what we need,"
4920,"02:50:19","02:50:20",Crissdalynn,"but one of them's a 20."
4921,"02:50:20","02:50:20",Crissdalynn,"Yeah,"
4922,"02:50:20","02:50:21",Crissdalynn,"that hits."
4923,"02:50:22","02:50:22",DM,"Ooh,"
4924,"02:50:22","02:50:23",DM,"actually,"
4925,"02:50:23","02:50:23",DM,"what did they see?"
4926,"02:50:24","02:50:24",DM,"Is it a nat 21?"
4927,"02:50:24","02:50:25",DM,"A 13."
4928,"02:50:25","02:50:26",DM,"Oh,"
4929,"02:50:26","02:50:26",Speaker 1,"okay."
4930,"02:50:27","02:50:28",Crissdalynn,"Seven plus 11."
4931,"02:50:28","02:50:28",Crissdalynn,"Yeah,"
4932,"02:50:28","02:50:29",Crissdalynn,"everything hits."
4933,"02:50:30","02:50:31",Crissdalynn,"Do you want me to roll?"
4934,"02:50:31","02:50:31",Crissdalynn,"They're dead."
4935,"02:50:31","02:50:31",Crissdalynn,"Yeah?"
4936,"02:50:34","02:50:34",Speaker 1,"Nice."
4937,"02:50:35","02:50:35",Crissdalynn,"Splat."
4938,"02:50:35","02:50:37",Crissdalynn,"And I split two and two."
4939,"02:50:37","02:50:38",Crissdalynn,"Yeah."
4940,"02:50:38","02:50:39",Crissdalynn,"Would that be okay?"
4941,"02:50:39","02:50:40",DM,"You have four shots."
4942,"02:50:40","02:50:41",DM,"You could get both."
4943,"02:50:41","02:50:41",DM,"I have four shots."
4944,"02:50:42","02:50:42",DM,"Like,"
4945,"02:50:42","02:50:43",DM,"just realizing I spent,"
4946,"02:50:43","02:50:44",DM,"like,"
4947,"02:50:44","02:50:45",DM,"two rounds buffing,"
4948,"02:50:45","02:50:46",DM,"and I didn't actually do anything."
4949,"02:50:47","02:50:48",DM,"You healed."
4950,"02:50:48","02:50:48",DM,"The first one."
4951,"02:50:48","02:50:49",DM,"I healed once."
4952,"02:50:50","02:50:52",Delmar,"I need to look at the,"
4953,"02:50:52","02:50:52",Delmar,"uh..."
4954,"02:50:52","02:50:52",Delmar,"Fuck."
4955,"02:50:53","02:50:54",Delmar,"Are they both dead?"
4956,"02:50:54","02:50:54",Delmar,"Like..."
4957,"02:50:54","02:50:54",Delmar,"Meh."
4958,"02:50:55","02:50:55",Delmar,"I could've done more."
4959,"02:50:55","02:50:56",Delmar,"I could've fucking done that with a hand."
4960,"02:50:57","02:50:57",Delmar,"Okay."
4961,"02:50:57","02:50:57",Delmar,"I mean,"
4962,"02:50:58","02:51:00",Delmar,"it's like my three clones and my 17 temporary..."
4963,"02:51:01","02:51:02",DM,"My armor."
4964,"02:51:03","02:51:03",DM,"All right,"
4965,"02:51:04","02:51:04",DM,"I'm ready,"
4966,"02:51:04","02:51:04",DM,"guys."
4967,"02:51:05","02:51:05",DM,"Oh,"
4968,"02:51:05","02:51:05",DM,"fuck."
4969,"02:51:05","02:51:06",DM,"I killed him already."
4970,"02:51:06","02:51:06",DM,"There you go."
4971,"02:51:07","02:51:08",Crissdalynn,"Kyzil takes out the other two with ease."
4972,"02:51:09","02:51:09",Crissdalynn,"Nice."
4973,"02:51:11","02:51:12",Delmar,"I don't know where they are,"
4974,"02:51:12","02:51:12",Delmar,"but splat,"
4975,"02:51:12","02:51:13",Delmar,"splat,"
4976,"02:51:13","02:51:13",Delmar,"they're dead."
4977,"02:51:14","02:51:15",Delmar,"I don't even have a chance to get a roll."
4978,"02:51:16","02:51:16",DM,"That was,"
4979,"02:51:16","02:51:17",DM,"yeah."
4980,"02:51:18","02:51:19",DM,"What's the fact here?"
4981,"02:51:20","02:51:21",DM,"I got very intimidating,"
4982,"02:51:22","02:51:22",DM,"Mr."
4983,"02:51:22","02:51:22",DM,"Black-Jaw."
4984,"02:51:24","02:51:25",Crissdalynn,"You did help."
4985,"02:51:25","02:51:25",Crissdalynn,"You helped."
4986,"02:51:26","02:51:26",Crissdalynn,"Yeah."
4987,"02:51:26","02:51:27",Crissdalynn,"Oh,"
4988,"02:51:27","02:51:27",Crissdalynn,"yeah."
4989,"02:51:28","02:51:29",Crissdalynn,"I'm still there with,"
4990,"02:51:29","02:51:29",Crissdalynn,"like,"
4991,"02:51:30","02:51:32",DM,"I'll try to do what you guys are all sitting around now."
4992,"02:51:33","02:51:33",DM,"Nice."
4993,"02:51:35","02:51:36",DM,"Who's sitting over here?"
4994,"02:51:36","02:51:37",DM,"It was a quadruped?"
4995,"02:51:38","02:51:39",DM,"I was picturing it as,"
4996,"02:51:39","02:51:39",DM,"like,"
4997,"02:51:39","02:51:39",DM,"bipedal."
4998,"02:51:40","02:51:40",DM,"It was."
4999,"02:51:40","02:51:40",DM,"It was."
5000,"02:51:41","02:51:41",DM,"Oh,"
5001,"02:51:41","02:51:41",DM,"oh,"
5002,"02:51:41","02:51:42",DM,"oh."
5003,"02:51:42","02:51:43",DM,"It's like Frank sitting on the chair."
5004,"02:51:45","02:51:46",DM,"That's just a sad woman."
5005,"02:51:47","02:51:47",DM,"I don't know."
5006,"02:51:47","02:51:48",DM,"It's just a sad woman."
5007,"02:51:48","02:51:49",Crissdalynn,"Sad woman."
5008,"02:51:49","02:51:49",Crissdalynn,"Oh,"
5009,"02:51:49","02:51:50",Crissdalynn,"it's not a chair."
5010,"02:51:50","02:51:51",DM,"I thought it was a chair at first."
5011,"02:51:52","02:51:52",DM,"No,"
5012,"02:51:52","02:51:52",DM,"no."
5013,"02:51:52","02:51:53",Crissdalynn,"Not our chair."
5014,"02:51:54","02:51:54",Crissdalynn,"No,"
5015,"02:51:54","02:51:55",Crissdalynn,"I'm not that kind of a fighter."
5016,"02:51:55","02:51:56",Crissdalynn,"You can't all go back."
5017,"02:51:56","02:51:57",Crissdalynn,"He was a brand fighter."
5018,"02:51:58","02:51:58",Delmar,"All right,"
5019,"02:51:58","02:51:59",Delmar,"Gilmore,"
5020,"02:51:59","02:51:59",Delmar,"I was telling you,"
5021,"02:52:00","02:52:01",Delmar,"Kara is going to basically fly around."
5022,"02:52:01","02:52:02",Delmar,"Like,"
5023,"02:52:02","02:52:03",Delmar,"she's kind of,"
5024,"02:52:03","02:52:03",Delmar,"like,"
5025,"02:52:04","02:52:05",Delmar,"above the hole,"
5026,"02:52:05","02:52:06",Delmar,"but people can see me kind of thing."
5027,"02:52:06","02:52:07",Delmar,"A little bit higher."
5028,"02:52:08","02:52:09",Delmar,"I'm trying to cheer out."
5029,"02:52:09","02:52:10",Delmar,"I'm so wanted."
5030,"02:52:11","02:52:15",Delmar,"Does anyone know of the other two locations?"
5031,"02:52:16","02:52:17",Delmar,"I don't know what this voice is."
5032,"02:52:18","02:52:26",Delmar,"Does anyone know of these other two locations where I believe there's been explosions in those areas as well."
5033,"02:52:26","02:52:27",Delmar,"Does anyone know anything?"
5034,"02:52:28","02:52:29",Delmar,"Are there other abominations like this?"
5035,"02:52:29","02:52:32",Delmar,"And I'll point down to what Kyzil just fucked up."
5036,"02:52:34","02:52:36",Delmar,"You're just asking the crowd?"
5037,"02:52:36","02:52:38",DM,"I'm asking anyone who can hear me."
5038,"02:52:39","02:52:40",DM,"Just shouting it out."
5039,"02:52:40","02:52:40",DM,"Yeah,"
5040,"02:52:40","02:52:41",DM,"roll persuasion."
5041,"02:52:42","02:52:44",DM,"See if someone is willing to chat and not in shock."
5042,"02:52:47","02:52:48",Speaker 1,"Ten."
5043,"02:52:48","02:52:52",Delmar,"So my persuasion is quite good,"
5044,"02:52:52","02:52:53",Delmar,"I believe."
5045,"02:52:54","02:52:55",Delmar,"Oh,"
5046,"02:52:56","02:52:56",Speaker 1,"eighteen."
5047,"02:52:57","02:52:57",DM,"Eighteen?"
5048,"02:52:57","02:52:58",DM,"Yeah."
5049,"02:52:58","02:52:59",DM,"That's a ten plus eight."
5050,"02:53:00","02:53:04",DM,"You're able to command the crowd to snap someone out of the shock and they're I don't know."
5051,"02:53:06","02:53:07",DM,"Nothing like this."
5052,"02:53:08","02:53:08",DM,"Everyone,"
5053,"02:53:08","02:53:09",DM,"we ran away from this."
5054,"02:53:11","02:53:12",DM,"I know there's a lot of,"
5055,"02:53:12","02:53:12",DM,"like,"
5056,"02:53:12","02:53:13",DM,"grung over there."
5057,"02:53:14","02:53:17",DM,"But nothing like this."
5058,"02:53:19","02:53:21",DM,"This was probably the main site."
5059,"02:53:21","02:53:22",DM,"Yeah,"
5060,"02:53:22","02:53:25",DM,"and you guys can hear that there is still commotion in the distance."
5061,"02:53:25","02:53:26",Delmar,"Anything that sounds like weapons,"
5062,"02:53:26","02:53:30",Delmar,"like swords clanging or anything like that?"
5063,"02:53:30","02:53:30",Delmar,"Something that,"
5064,"02:53:30","02:53:30",Delmar,"like,"
5065,"02:53:30","02:53:33",Delmar,"Delmar would have heard before on ships or in distant things?"
5066,"02:53:33","02:53:34",DM,"It does sound like,"
5067,"02:53:34","02:53:36",DM,"it's hard to tell what you're hearing."
5068,"02:53:37","02:53:37",Delmar,"I'm hearing commotion,"
5069,"02:53:37","02:53:39",Delmar,"but it's not distinct sounds like battle,"
5070,"02:53:40","02:53:41",Delmar,"of like pistols or..."
5071,"02:53:41","02:53:41",Delmar,"Yeah,"
5072,"02:53:41","02:53:41",Delmar,"no,"
5073,"02:53:41","02:53:43",DM,"you're not hearing any gunshots,"
5074,"02:53:44","02:53:44",DM,"anything like that."
5075,"02:53:45","02:53:46",DM,"You're just hearing shouting."
5076,"02:53:47","02:53:48",DM,"That's about it."
5077,"02:53:48","02:53:49",DM,"You're hearing people shouting names,"
5078,"02:53:50","02:53:51",DM,"people,"
5079,"02:53:51","02:53:51",DM,"you know,"
5080,"02:53:52","02:53:52",DM,"Anthony,"
5081,"02:53:52","02:53:53",DM,"James,"
5082,"02:53:53","02:53:54",DM,"stuff like that."
5083,"02:53:54","02:53:54",DM,"Okay."
5084,"02:53:56","02:53:57",DM,"That's about it."
5085,"02:53:57","02:53:59",DM,"I'm just a second here."
5086,"02:53:59","02:54:07",Catarina,"Can I go over to these human things and identify them or find the further matters of what we just fought?"
5087,"02:54:08","02:54:11",Catarina,"Petrine would have never faced something like this out of the ordinary."
5088,"02:54:12","02:54:15",Catarina,"It seems very unusual and worries her that this is,"
5089,"02:54:16","02:54:16",Catarina,"yeah."
5090,"02:54:16","02:54:18",DM,"Are you using the identify spell?"
5091,"02:54:18","02:54:20",Catarina,"I'm using the identify spell."
5092,"02:54:20","02:54:21",Catarina,"It's going to take me about 10 minutes."
5093,"02:54:22","02:54:22",Delmar,"You got time."
5094,"02:54:23","02:54:24",Delmar,"Well,"
5095,"02:54:24","02:54:24",Delmar,"if she's doing that,"
5096,"02:54:24","02:54:26",Delmar,"I would like to fly down and look at the chair."
5097,"02:54:26","02:54:27",Delmar,"Yeah."
5098,"02:54:27","02:54:29",Delmar,"I would like to surly inspect this chair."
5099,"02:54:29","02:54:29",Delmar,"Um,"
5100,"02:54:30","02:54:31",DM,"it's fairly messy now,"
5101,"02:54:32","02:54:33",DM,"because he did fall on it,"
5102,"02:54:33","02:54:34",DM,"um,"
5103,"02:54:34","02:54:35",DM,"and it is a rotting,"
5104,"02:54:35","02:54:36",DM,"oozing,"
5105,"02:54:36","02:54:37",DM,"um,"
5106,"02:54:37","02:54:37",DM,"thing,"
5107,"02:54:37","02:54:38",DM,"but,"
5108,"02:54:38","02:54:38",DM,"uh,"
5109,"02:54:38","02:54:39",DM,"surprisingly,"
5110,"02:54:39","02:54:39",DM,"it is,"
5111,"02:54:39","02:54:42",DM,"does not seem to have taken any damage."
5112,"02:54:43","02:54:44",DM,"This is like a big,"
5113,"02:54:44","02:54:45",DM,"like..."
5114,"02:54:45","02:54:46",DM,"It's a full,"
5115,"02:54:46","02:54:46",DM,"like,"
5116,"02:54:46","02:54:47",DM,"clawed armchair."
5117,"02:54:48","02:54:48",DM,"Yeah."
5118,"02:54:48","02:54:48",DM,"It's got,"
5119,"02:54:48","02:54:48",DM,"like,"
5120,"02:54:49","02:54:49",DM,"a red and kind of,"
5121,"02:54:49","02:54:49",DM,"like,"
5122,"02:54:50","02:54:51",DM,"purplish kind of fur."
5123,"02:54:52","02:55:28",Delmar,"La Jury is a little gaudy but nice it's a bit over the top but not like not way Delmar is it and we'll at least take it over before like wanting to go address the crowd or whatever it's just like is there anything on it like a switch a button or is it just like a really nice seemingly indestructible chair it's a big heavy chair made by Honda would you like to roll an investigation or perception?"
5124,"02:55:28","02:56:26",Catarina,"absolutely yeah totally you'll see my bird come over and fly over to me and hear wounds while I'm identifying things you're just going to see him like poop out little nuts and bolts you're not kidding why would you like make that a part of it um uh the best uh you said investigation yeah uh i can give you bardic that's because we probably have the action i would take the bardic sure yeah it's a d8 now oh yay that did me actually no with the investigation right okay so that's maybe that is that is"
5125,"02:56:26","02:56:34",Delmar,"six I barely got a sixteen sixteen okay um here sorry and then would like ask Mr."
5126,"02:56:34","02:56:40",Delmar,"Tabarnack to like you know pose it after I like pull the thing out like hose it down really quick with his decanter in this water or something like that."
5127,"02:56:41","02:56:41",DM,"Yeah,"
5128,"02:56:41","02:56:41",DM,"I mean,"
5129,"02:56:41","02:56:45",DM,"you're able to clean it up and it looks like a..."
5130,"02:56:46","02:56:46",DM,"It's weird."
5131,"02:56:47","02:56:48",DM,"It looks like a really..."
5132,"02:56:49","02:56:54",DM,"You're pretty sure it's a magical chair of some sort because it's seemingly indestructible."
5133,"02:56:54","02:56:58",DM,"But that's as far as you can guess from that is that you're pretty sure that this..."
5134,"02:56:59","02:56:59",DM,"Like,"
5135,"02:57:00","02:57:01",DM,"this isn't a normal chair."
5136,"02:57:01","02:57:05",Delmar,"I have never wanted a bag of holding so badly in my life."
5137,"02:57:06","02:57:06",Delmar,"By the way,"
5138,"02:57:06","02:57:08",DM,"it is a favorite character."
5139,"02:57:08","02:57:10",DM,"It's a heavy character."
5140,"02:57:10","02:57:11",DM,"Oh,"
5141,"02:57:11","02:57:11",DM,"no,"
5142,"02:57:11","02:57:12",DM,"I felt it."
5143,"02:57:12","02:57:14",Catarina,"Do you see it as a character or yourself?"
5144,"02:57:16","02:57:16",Delmar,"Oh,"
5145,"02:57:16","02:57:16",Delmar,"yeah."
5146,"02:57:17","02:57:19",Catarina,"I'm just curious."
5147,"02:57:20","02:57:20",Speaker 1,"Oh,"
5148,"02:57:20","02:57:21",Speaker 1,"um..."
5149,"02:57:24","02:57:25",DM,"Is Catarina going to help him out?"
5150,"02:57:27","02:57:27",Crissdalynn,"Wait,"
5151,"02:57:27","02:57:29",Crissdalynn,"did you say this is a..."
5152,"02:57:29","02:57:29",Speaker 1,"19."
5153,"02:57:32","02:57:32",Speaker 1,"19."
5154,"02:57:33","02:57:36",Delmar,"If only I had..."
5155,"02:57:36","02:57:36",Delmar,"fuck,"
5156,"02:57:36","02:57:37",Delmar,"what the hell,"
5157,"02:57:37","02:57:37",Delmar,"Mark?"
5158,"02:57:37","02:57:37",Delmar,"No,"
5159,"02:57:37","02:57:38",Delmar,"that was close enough."
5160,"02:57:39","02:57:41",Delmar,"If only I had a bag of holding."
5161,"02:57:41","02:57:43",Delmar,"Or even just one of those,"
5162,"02:57:43","02:57:44",Delmar,"you know,"
5163,"02:57:44","02:57:47",Delmar,"the ones with the pockets inside that are very large."
5164,"02:57:48","02:57:48",Delmar,"You know,"
5165,"02:57:48","02:57:49",Delmar,"I'm saying this to Kindress."
5166,"02:57:49","02:57:51",Delmar,"To Miss Kindress kind of thing."
5167,"02:57:51","02:57:55",DM,"I know we just dealt with this giant rotting monster here,"
5168,"02:57:55","02:57:56",DM,"but boy,"
5169,"02:57:56","02:57:57",DM,"this chair is great."
5170,"02:57:57","02:57:57",DM,"I need a bag."
5171,"02:57:58","02:57:59",DM,"Like,"
5172,"02:57:59","02:58:01",DM,"she's taking 10 minutes to identify things."
5173,"02:58:01","02:58:02",Crissdalynn,"You and chairs."
5174,"02:58:03","02:58:04",Crissdalynn,"But it's a little weird,"
5175,"02:58:05","02:58:09",Crissdalynn,"and I'm just over to Master Tecno."
5176,"02:58:10","02:58:10",Crissdalynn,"Yeah,"
5177,"02:58:11","02:58:11",Crissdalynn,"it's effective,"
5178,"02:58:11","02:58:11",Crissdalynn,"see?"
5179,"02:58:12","02:58:12",Crissdalynn,"Everything broke,"
5180,"02:58:12","02:58:13",Crissdalynn,"don't fix it."
5181,"02:58:13","02:58:13",Catarina,"Catarina,"
5182,"02:58:14","02:58:16",Catarina,"her ears are going to perk from that."
5183,"02:58:16","02:58:18",Catarina,"That kind of thing is in here."
5184,"02:58:19","02:58:19",Catarina,"Well,"
5185,"02:58:19","02:58:21",Catarina,"let me tell you about such a thing."
5186,"02:58:21","02:58:22",Catarina,"She's going to,"
5187,"02:58:22","02:58:22",Catarina,"like,"
5188,"02:58:22","02:58:23",Catarina,"we're scrimmaging."
5189,"02:58:23","02:58:23",Catarina,"She's,"
5190,"02:58:23","02:58:23",Catarina,"you know,"
5191,"02:58:23","02:58:26",Catarina,"doing her investigation."
5192,"02:58:26","02:58:32",Catarina,"She's going to pull out a bag and you're going to kind of see her kind of go over it and,"
5193,"02:58:32","02:58:33",Catarina,"you know,"
5194,"02:58:33","02:58:35",Catarina,"just inspect it,"
5195,"02:58:35","02:58:35",Catarina,"pat it down,"
5196,"02:58:36","02:58:36",Catarina,"make sure it's all good."
5197,"02:58:37","02:58:38",Catarina,"You know,"
5198,"02:58:38","02:58:38",Catarina,"it's a little dusty."
5199,"02:58:39","02:58:41",Catarina,"And she's going to pat,"
5200,"02:58:41","02:58:42",Catarina,"will this suffice?"
5201,"02:58:43","02:58:52",Catarina,"And she's going to give you an increased item that she is now You can make bags of holding."
5202,"02:58:52","02:58:52",Crissdalynn,"I know,"
5203,"02:58:53","02:58:53",Crissdalynn,"right?"
5204,"02:58:53","02:58:54",Speaker 1,"Yeah,"
5205,"02:58:54","02:58:54",Speaker 1,"wait,"
